ts_utc,gpu_index,gpu_name,gpu_uuid,temp_c,power_w,power_limit_w,util_gpu_pct,util_mem_pct,sm_clock_mhz,mem_clock_mhz,mem_used_mb,mem_total_mb,pstate
2026-02-23T19:45:07+00:00,0,,,29,75.696,700.0,0,0,345,3201,604.6875,143771.0,0
2026-02-23T19:45:08+00:00,0,,,29,75.707,700.0,0,0,345,3201,604.6875,143771.0,0
2026-02-23T19:45:09+00:00,0,,,29,75.633,700.0,0,0,345,3201,604.6875,143771.0,0
2026-02-23T19:45:10+00:00,0,,,29,75.683,700.0,0,0,345,3201,604.6875,143771.0,0
2026-02-23T19:45:11+00:00,0,,,29,75.706,700.0,0,0,345,3201,604.6875,143771.0,0
2026-02-23T19:45:12+00:00,0,,,29,75.666,700.0,0,0,345,3201,604.6875,143771.0,0
2026-02-23T19:45:13+00:00,0,,,29,75.674,700.0,0,0,345,3201,604.6875,143771.0,0
2026-02-23T19:45:14+00:00,0,,,29,75.718,700.0,0,0,345,3201,604.6875,143771.0,0
2026-02-23T19:45:15+00:00,0,,,29,75.724,700.0,0,0,345,3201,604.6875,143771.0,0
2026-02-23T19:45:16+00:00,0,,,29,75.718,700.0,0,0,345,3201,604.6875,143771.0,0
2026-02-23T19:45:17+00:00,0,,,29,75.692,700.0,0,0,345,3201,604.6875,143771.0,0
2026-02-23T19:45:18+00:00,0,,,29,75.768,700.0,0,0,345,3201,604.6875,143771.0,0
2026-02-23T19:45:19+00:00,0,,,29,75.647,700.0,0,0,345,3201,604.6875,143771.0,0
2026-02-23T19:45:20+00:00,0,,,29,75.668,700.0,0,0,345,3201,604.6875,143771.0,0
2026-02-23T19:45:21+00:00,0,,,29,75.61,700.0,0,0,345,3201,604.6875,143771.0,0
2026-02-23T19:45:22+00:00,0,,,29,75.645,700.0,0,0,345,3201,604.6875,143771.0,0
2026-02-23T19:45:23+00:00,0,,,29,75.641,700.0,0,0,345,3201,604.6875,143771.0,0
2026-02-23T19:45:24+00:00,0,,,29,75.705,700.0,0,0,345,3201,604.6875,143771.0,0
2026-02-23T19:45:25+00:00,0,,,29,75.721,700.0,0,0,345,3201,604.6875,143771.0,0
2026-02-23T19:45:26+00:00,0,,,29,75.699,700.0,0,0,345,3201,604.6875,143771.0,0
2026-02-23T19:45:27+00:00,0,,,29,75.67,700.0,0,0,345,3201,604.6875,143771.0,0
2026-02-23T19:45:28+00:00,0,,,29,75.682,700.0,0,0,345,3201,604.6875,143771.0,0
2026-02-23T19:45:29+00:00,0,,,29,75.636,700.0,0,0,345,3201,604.6875,143771.0,0
2026-02-23T19:45:30+00:00,0,,,29,75.713,700.0,0,0,345,3201,604.6875,143771.0,0
2026-02-23T19:45:31+00:00,0,,,29,75.644,700.0,0,0,345,3201,604.6875,143771.0,0
2026-02-23T19:45:32+00:00,0,,,29,75.706,700.0,0,0,345,3201,604.6875,143771.0,0
2026-02-23T19:45:33+00:00,0,,,29,75.696,700.0,0,0,345,3201,604.6875,143771.0,0
2026-02-23T19:45:34+00:00,0,,,29,75.72,700.0,0,0,345,3201,604.6875,143771.0,0
2026-02-23T19:45:35+00:00,0,,,29,75.719,700.0,0,0,345,3201,604.6875,143771.0,0
2026-02-23T19:45:36+00:00,0,,,29,75.671,700.0,0,0,345,3201,604.6875,143771.0,0
2026-02-23T19:45:37+00:00,0,,,29,75.652,700.0,0,0,345,3201,604.6875,143771.0,0
2026-02-23T19:45:38+00:00,0,,,29,75.684,700.0,0,0,345,3201,604.6875,143771.0,0
2026-02-23T19:45:39+00:00,0,,,29,75.679,700.0,0,0,345,3201,604.6875,143771.0,0
2026-02-23T19:45:40+00:00,0,,,29,75.656,700.0,0,0,345,3201,604.6875,143771.0,0
2026-02-23T19:45:41+00:00,0,,,29,75.7,700.0,0,0,345,3201,604.6875,143771.0,0
2026-02-23T19:45:42+00:00,0,,,29,75.678,700.0,0,0,345,3201,604.6875,143771.0,0
2026-02-23T19:45:43+00:00,0,,,29,75.664,700.0,0,0,345,3201,604.6875,143771.0,0
2026-02-23T19:45:44+00:00,0,,,29,75.645,700.0,0,0,345,3201,604.6875,143771.0,0
2026-02-23T19:45:45+00:00,0,,,29,75.708,700.0,0,0,345,3201,604.6875,143771.0,0
2026-02-23T19:45:46+00:00,0,,,29,75.688,700.0,0,0,345,3201,604.6875,143771.0,0
2026-02-23T19:45:47+00:00,0,,,29,75.674,700.0,0,0,345,3201,604.6875,143771.0,0
2026-02-23T19:45:48+00:00,0,,,29,75.671,700.0,0,0,345,3201,604.6875,143771.0,0
2026-02-23T19:45:49+00:00,0,,,29,75.669,700.0,0,0,345,3201,604.6875,143771.0,0
2026-02-23T19:45:50+00:00,0,,,29,75.665,700.0,0,0,345,3201,604.6875,143771.0,0
2026-02-23T19:45:51+00:00,0,,,29,75.707,700.0,0,0,345,3201,604.6875,143771.0,0
2026-02-23T19:45:52+00:00,0,,,29,75.702,700.0,0,0,345,3201,604.6875,143771.0,0
2026-02-23T19:45:53+00:00,0,,,29,75.702,700.0,0,0,345,3201,604.6875,143771.0,0
2026-02-23T19:45:54+00:00,0,,,29,75.716,700.0,0,0,345,3201,604.6875,143771.0,0
2026-02-23T19:45:55+00:00,0,,,29,75.747,700.0,0,0,345,3201,604.6875,143771.0,0
2026-02-23T19:45:56+00:00,0,,,29,75.707,700.0,0,0,345,3201,604.6875,143771.0,0
2026-02-23T19:45:57+00:00,0,,,29,75.694,700.0,0,0,345,3201,604.6875,143771.0,0
2026-02-23T19:45:58+00:00,0,,,29,75.681,700.0,0,0,345,3201,604.6875,143771.0,0
2026-02-23T19:45:59+00:00,0,,,29,75.687,700.0,0,0,345,3201,604.6875,143771.0,0
2026-02-23T19:46:00+00:00,0,,,29,75.715,700.0,0,0,345,3201,604.6875,143771.0,0
2026-02-23T19:46:01+00:00,0,,,29,75.674,700.0,0,0,345,3201,604.6875,143771.0,0
2026-02-23T19:46:02+00:00,0,,,29,75.684,700.0,0,0,345,3201,604.6875,143771.0,0
2026-02-23T19:46:03+00:00,0,,,29,75.674,700.0,0,0,345,3201,604.6875,143771.0,0
2026-02-23T19:46:04+00:00,0,,,29,75.624,700.0,0,0,345,3201,604.6875,143771.0,0
2026-02-23T19:46:05+00:00,0,,,29,75.663,700.0,0,0,345,3201,604.6875,143771.0,0
2026-02-23T19:46:06+00:00,0,,,29,75.731,700.0,0,0,345,3201,604.6875,143771.0,0
2026-02-23T19:46:07+00:00,0,,,29,75.671,700.0,0,0,345,3201,604.6875,143771.0,0
2026-02-23T19:46:08+00:00,0,,,29,75.722,700.0,0,0,345,3201,604.6875,143771.0,0
2026-02-23T19:46:09+00:00,0,,,29,75.717,700.0,0,0,345,3201,604.6875,143771.0,0
2026-02-23T19:46:10+00:00,0,,,29,75.656,700.0,0,0,345,3201,604.6875,143771.0,0
2026-02-23T19:46:11+00:00,0,,,29,75.643,700.0,0,0,345,3201,604.6875,143771.0,0
2026-02-23T19:46:12+00:00,0,,,29,75.639,700.0,0,0,345,3201,604.6875,143771.0,0
2026-02-23T19:46:13+00:00,0,,,29,75.646,700.0,0,0,345,3201,604.6875,143771.0,0
2026-02-23T19:46:14+00:00,0,,,29,75.621,700.0,0,0,345,3201,604.6875,143771.0,0
2026-02-23T19:46:15+00:00,0,,,29,75.647,700.0,0,0,345,3201,604.6875,143771.0,0
2026-02-23T19:46:16+00:00,0,,,29,75.705,700.0,0,0,345,3201,604.6875,143771.0,0
2026-02-23T19:46:17+00:00,0,,,29,75.662,700.0,0,0,345,3201,604.6875,143771.0,0
2026-02-23T19:46:18+00:00,0,,,29,75.618,700.0,0,0,345,3201,604.6875,143771.0,0
2026-02-23T19:46:19+00:00,0,,,29,75.677,700.0,0,0,345,3201,604.6875,143771.0,0
2026-02-23T19:46:20+00:00,0,,,29,75.662,700.0,0,0,345,3201,604.6875,143771.0,0
2026-02-23T19:46:21+00:00,0,,,29,75.708,700.0,0,0,345,3201,604.6875,143771.0,0
2026-02-23T19:46:22+00:00,0,,,29,75.701,700.0,0,0,345,3201,604.6875,143771.0,0
2026-02-23T19:46:23+00:00,0,,,29,75.707,700.0,0,0,345,3201,604.6875,143771.0,0
2026-02-23T19:46:24+00:00,0,,,29,75.686,700.0,0,0,345,3201,604.6875,143771.0,0
2026-02-23T19:46:25+00:00,0,,,29,75.618,700.0,0,0,345,3201,604.6875,143771.0,0
2026-02-23T19:46:26+00:00,0,,,29,75.69,700.0,0,0,345,3201,604.6875,143771.0,0
2026-02-23T19:46:27+00:00,0,,,29,75.64,700.0,0,0,345,3201,604.6875,143771.0,0
2026-02-23T19:46:28+00:00,0,,,29,75.707,700.0,0,0,345,3201,604.6875,143771.0,0
2026-02-23T19:46:29+00:00,0,,,29,75.651,700.0,0,0,345,3201,604.6875,143771.0,0
2026-02-23T19:46:30+00:00,0,,,29,75.671,700.0,0,0,345,3201,604.6875,143771.0,0
2026-02-23T19:46:31+00:00,0,,,29,75.647,700.0,0,0,345,3201,604.6875,143771.0,0
2026-02-23T19:46:32+00:00,0,,,29,75.684,700.0,0,0,345,3201,604.6875,143771.0,0
2026-02-23T19:46:33+00:00,0,,,29,75.649,700.0,0,0,345,3201,604.6875,143771.0,0
2026-02-23T19:46:34+00:00,0,,,29,75.654,700.0,0,0,345,3201,604.6875,143771.0,0
2026-02-23T19:46:35+00:00,0,,,29,75.684,700.0,0,0,345,3201,604.6875,143771.0,0
2026-02-23T19:46:36+00:00,0,,,29,75.655,700.0,0,0,345,3201,604.6875,143771.0,0
2026-02-23T19:46:37+00:00,0,,,29,75.717,700.0,0,0,345,3201,604.6875,143771.0,0
2026-02-23T19:46:38+00:00,0,,,29,75.7,700.0,0,0,345,3201,604.6875,143771.0,0
2026-02-23T19:46:39+00:00,0,,,29,75.685,700.0,0,0,345,3201,604.6875,143771.0,0
2026-02-23T19:46:40+00:00,0,,,29,75.659,700.0,0,0,345,3201,604.6875,143771.0,0
2026-02-23T19:46:41+00:00,0,,,29,75.683,700.0,0,0,345,3201,604.6875,143771.0,0
2026-02-23T19:46:42+00:00,0,,,29,75.645,700.0,0,0,345,3201,604.6875,143771.0,0
2026-02-23T19:46:43+00:00,0,,,29,75.631,700.0,0,0,345,3201,604.6875,143771.0,0
2026-02-23T19:46:44+00:00,0,,,29,75.711,700.0,0,0,345,3201,604.6875,143771.0,0
2026-02-23T19:46:45+00:00,0,,,29,75.622,700.0,0,0,345,3201,604.6875,143771.0,0
2026-02-23T19:46:46+00:00,0,,,29,75.621,700.0,0,0,345,3201,604.6875,143771.0,0
2026-02-23T19:46:47+00:00,0,,,29,75.707,700.0,0,0,345,3201,604.6875,143771.0,0
2026-02-23T19:46:48+00:00,0,,,29,75.707,700.0,0,0,345,3201,604.6875,143771.0,0
2026-02-23T19:46:49+00:00,0,,,29,75.71,700.0,0,0,345,3201,604.6875,143771.0,0
2026-02-23T19:46:50+00:00,0,,,29,75.659,700.0,0,0,345,3201,604.6875,143771.0,0
2026-02-23T19:46:51+00:00,0,,,29,75.63,700.0,0,0,345,3201,604.6875,143771.0,0
2026-02-23T19:46:52+00:00,0,,,29,75.684,700.0,0,0,345,3201,604.6875,143771.0,0
2026-02-23T19:46:53+00:00,0,,,29,75.707,700.0,0,0,345,3201,604.6875,143771.0,0
2026-02-23T19:46:54+00:00,0,,,29,75.651,700.0,0,0,345,3201,604.6875,143771.0,0
2026-02-23T19:46:55+00:00,0,,,29,75.687,700.0,0,0,345,3201,604.6875,143771.0,0
2026-02-23T19:46:56+00:00,0,,,29,75.645,700.0,0,0,345,3201,604.6875,143771.0,0
2026-02-23T19:46:57+00:00,0,,,29,75.684,700.0,0,0,345,3201,604.6875,143771.0,0
2026-02-23T19:46:58+00:00,0,,,29,75.635,700.0,0,0,345,3201,604.6875,143771.0,0
2026-02-23T19:46:59+00:00,0,,,29,75.676,700.0,0,0,345,3201,604.6875,143771.0,0
2026-02-23T19:47:00+00:00,0,,,29,75.675,700.0,0,0,345,3201,604.6875,143771.0,0
2026-02-23T19:47:01+00:00,0,,,29,75.72,700.0,0,0,345,3201,604.6875,143771.0,0
2026-02-23T19:47:02+00:00,0,,,29,75.663,700.0,0,0,345,3201,604.6875,143771.0,0
2026-02-23T19:47:03+00:00,0,,,29,75.711,700.0,0,0,345,3201,604.6875,143771.0,0
2026-02-23T19:47:04+00:00,0,,,29,75.65,700.0,0,0,345,3201,604.6875,143771.0,0
2026-02-23T19:47:05+00:00,0,,,29,75.625,700.0,0,0,345,3201,604.6875,143771.0,0
2026-02-23T19:47:06+00:00,0,,,29,75.71,700.0,0,0,345,3201,604.6875,143771.0,0
2026-02-23T19:47:07+00:00,0,,,29,75.71,700.0,0,0,345,3201,604.6875,143771.0,0
2026-02-23T19:47:08+00:00,0,,,29,75.642,700.0,0,0,345,3201,604.6875,143771.0,0
2026-02-23T19:47:09+00:00,0,,,29,75.684,700.0,0,0,345,3201,604.6875,143771.0,0
2026-02-23T19:47:10+00:00,0,,,29,75.681,700.0,0,0,345,3201,604.6875,143771.0,0
2026-02-23T19:47:11+00:00,0,,,29,75.731,700.0,0,0,345,3201,604.6875,143771.0,0
2026-02-23T19:47:12+00:00,0,,,29,75.701,700.0,0,0,345,3201,604.6875,143771.0,0
2026-02-23T19:47:13+00:00,0,,,29,75.721,700.0,0,0,345,3201,604.6875,143771.0,0
2026-02-23T19:47:14+00:00,0,,,29,75.709,700.0,0,0,345,3201,604.6875,143771.0,0
2026-02-23T19:47:15+00:00,0,,,29,75.685,700.0,0,0,345,3201,604.6875,143771.0,0
2026-02-23T19:47:16+00:00,0,,,29,75.667,700.0,0,0,345,3201,604.6875,143771.0,0
2026-02-23T19:47:17+00:00,0,,,29,75.687,700.0,0,0,345,3201,604.6875,143771.0,0
2026-02-23T19:47:18+00:00,0,,,29,75.63,700.0,0,0,345,3201,604.6875,143771.0,0
2026-02-23T19:47:19+00:00,0,,,29,75.713,700.0,0,0,345,3201,604.6875,143771.0,0
2026-02-23T19:47:20+00:00,0,,,29,75.631,700.0,0,0,345,3201,604.6875,143771.0,0
2026-02-23T19:47:21+00:00,0,,,29,75.668,700.0,0,0,345,3201,604.6875,143771.0,0
2026-02-23T19:47:22+00:00,0,,,29,75.707,700.0,0,0,345,3201,604.6875,143771.0,0
2026-02-23T19:47:23+00:00,0,,,29,75.664,700.0,0,0,345,3201,604.6875,143771.0,0
2026-02-23T19:47:24+00:00,0,,,29,75.669,700.0,0,0,345,3201,604.6875,143771.0,0
2026-02-23T19:47:25+00:00,0,,,29,75.694,700.0,0,0,345,3201,604.6875,143771.0,0
2026-02-23T19:47:26+00:00,0,,,29,75.669,700.0,0,0,345,3201,604.6875,143771.0,0
2026-02-23T19:47:27+00:00,0,,,29,75.668,700.0,0,0,345,3201,604.6875,143771.0,0
2026-02-23T19:47:28+00:00,0,,,29,75.66,700.0,0,0,345,3201,604.6875,143771.0,0
2026-02-23T19:47:29+00:00,0,,,29,75.655,700.0,0,0,345,3201,604.6875,143771.0,0
2026-02-23T19:47:30+00:00,0,,,29,75.666,700.0,0,0,345,3201,604.6875,143771.0,0
2026-02-23T19:47:31+00:00,0,,,29,75.654,700.0,0,0,345,3201,604.6875,143771.0,0
2026-02-23T19:47:32+00:00,0,,,29,75.709,700.0,0,0,345,3201,604.6875,143771.0,0
2026-02-23T19:47:33+00:00,0,,,29,75.735,700.0,0,0,345,3201,604.6875,143771.0,0
2026-02-23T19:47:34+00:00,0,,,29,75.74,700.0,0,0,345,3201,604.6875,143771.0,0
2026-02-23T19:47:35+00:00,0,,,29,75.707,700.0,0,0,345,3201,604.6875,143771.0,0
2026-02-23T19:47:36+00:00,0,,,29,75.673,700.0,0,0,345,3201,604.6875,143771.0,0
2026-02-23T19:47:37+00:00,0,,,29,75.673,700.0,0,0,345,3201,604.6875,143771.0,0
2026-02-23T19:47:38+00:00,0,,,29,75.682,700.0,0,0,345,3201,604.6875,143771.0,0
2026-02-23T19:47:39+00:00,0,,,29,75.682,700.0,0,0,345,3201,604.6875,143771.0,0
2026-02-23T19:47:40+00:00,0,,,29,75.664,700.0,0,0,345,3201,604.6875,143771.0,0
2026-02-23T19:47:41+00:00,0,,,29,75.648,700.0,0,0,345,3201,604.6875,143771.0,0
2026-02-23T19:47:42+00:00,0,,,29,75.683,700.0,0,0,345,3201,604.6875,143771.0,0
2026-02-23T19:47:43+00:00,0,,,29,75.667,700.0,0,0,345,3201,604.6875,143771.0,0
2026-02-23T19:47:44+00:00,0,,,29,75.673,700.0,0,0,345,3201,604.6875,143771.0,0
2026-02-23T19:47:45+00:00,0,,,29,75.656,700.0,0,0,345,3201,604.6875,143771.0,0
2026-02-23T19:47:46+00:00,0,,,29,75.661,700.0,0,0,345,3201,604.6875,143771.0,0
2026-02-23T19:47:47+00:00,0,,,29,75.714,700.0,0,0,345,3201,604.6875,143771.0,0
2026-02-23T19:47:48+00:00,0,,,29,75.675,700.0,0,0,345,3201,604.6875,143771.0,0
2026-02-23T19:47:49+00:00,0,,,29,75.617,700.0,0,0,345,3201,604.6875,143771.0,0
2026-02-23T19:47:50+00:00,0,,,29,75.714,700.0,0,0,345,3201,604.6875,143771.0,0
2026-02-23T19:47:51+00:00,0,,,29,75.678,700.0,0,0,345,3201,604.6875,143771.0,0
2026-02-23T19:47:52+00:00,0,,,29,75.644,700.0,0,0,345,3201,604.6875,143771.0,0
2026-02-23T19:47:53+00:00,0,,,29,75.668,700.0,0,0,345,3201,604.6875,143771.0,0
2026-02-23T19:47:54+00:00,0,,,29,75.685,700.0,0,0,345,3201,604.6875,143771.0,0
2026-02-23T19:47:55+00:00,0,,,29,75.668,700.0,0,0,345,3201,604.6875,143771.0,0
2026-02-23T19:47:56+00:00,0,,,29,75.667,700.0,0,0,345,3201,604.6875,143771.0,0
2026-02-23T19:47:57+00:00,0,,,29,75.647,700.0,0,0,345,3201,604.6875,143771.0,0
2026-02-23T19:47:58+00:00,0,,,29,75.643,700.0,0,0,345,3201,604.6875,143771.0,0
2026-02-23T19:47:59+00:00,0,,,29,75.666,700.0,0,0,345,3201,604.6875,143771.0,0
2026-02-23T19:48:00+00:00,0,,,29,75.663,700.0,0,0,345,3201,604.6875,143771.0,0
2026-02-23T19:48:01+00:00,0,,,29,75.669,700.0,0,0,345,3201,604.6875,143771.0,0
2026-02-23T19:48:02+00:00,0,,,29,75.687,700.0,0,0,345,3201,604.6875,143771.0,0
2026-02-23T19:48:03+00:00,0,,,29,75.684,700.0,0,0,345,3201,604.6875,143771.0,0
2026-02-23T19:48:04+00:00,0,,,29,75.721,700.0,0,0,345,3201,604.6875,143771.0,0
2026-02-23T19:48:05+00:00,0,,,29,75.692,700.0,0,0,345,3201,604.6875,143771.0,0
2026-02-23T19:48:06+00:00,0,,,29,75.69,700.0,0,0,345,3201,604.6875,143771.0,0
2026-02-23T19:48:07+00:00,0,,,29,75.646,700.0,0,0,345,3201,604.6875,143771.0,0
2026-02-23T19:48:08+00:00,0,,,29,75.625,700.0,0,0,345,3201,604.75,143771.0,0
2026-02-23T19:48:09+00:00,0,,,46,421.861,700.0,100,24,1500,3201,1741.5625,143771.0,0
2026-02-23T19:48:10+00:00,0,,,47,693.838,700.0,100,24,1485,3201,1741.5625,143771.0,0
2026-02-23T19:48:11+00:00,0,,,49,692.622,700.0,100,24,1470,3201,1741.5625,143771.0,0
2026-02-23T19:48:12+00:00,0,,,50,689.311,700.0,100,24,1455,3201,1741.5625,143771.0,0
2026-02-23T19:48:13+00:00,0,,,51,691.708,700.0,100,24,1470,3201,1741.5625,143771.0,0
2026-02-23T19:48:14+00:00,0,,,52,690.796,700.0,100,24,1500,3201,1741.5625,143771.0,0
2026-02-23T19:48:15+00:00,0,,,53,693.817,700.0,100,24,1470,3201,1741.5625,143771.0,0
2026-02-23T19:48:16+00:00,0,,,53,691.458,700.0,100,24,1500,3201,1741.5625,143771.0,0
2026-02-23T19:48:17+00:00,0,,,54,690.926,700.0,100,24,1440,3201,1741.5625,143771.0,0
2026-02-23T19:48:18+00:00,0,,,54,693.303,700.0,100,24,1425,3201,1741.5625,143771.0,0
2026-02-23T19:48:19+00:00,0,,,55,693.04,700.0,100,24,1455,3201,1741.5625,143771.0,0
2026-02-23T19:48:20+00:00,0,,,55,691.724,700.0,100,24,1440,3201,1741.5625,143771.0,0
2026-02-23T19:48:21+00:00,0,,,55,692.441,700.0,100,24,1440,3201,1741.5625,143771.0,0
2026-02-23T19:48:22+00:00,0,,,55,690.808,700.0,100,24,1455,3201,1741.5625,143771.0,0
2026-02-23T19:48:23+00:00,0,,,56,692.963,700.0,100,24,1425,3201,1741.5625,143771.0,0
2026-02-23T19:48:24+00:00,0,,,56,693.516,700.0,100,24,1455,3201,1741.5625,143771.0,0
2026-02-23T19:48:25+00:00,0,,,57,693.251,700.0,100,24,1455,3201,1741.5625,143771.0,0
2026-02-23T19:48:26+00:00,0,,,56,691.302,700.0,100,24,1440,3201,1741.5625,143771.0,0
2026-02-23T19:48:27+00:00,0,,,57,691.364,700.0,100,24,1455,3201,1741.5625,143771.0,0
2026-02-23T19:48:28+00:00,0,,,57,693.473,700.0,100,24,1455,3201,1741.5625,143771.0,0
2026-02-23T19:48:29+00:00,0,,,58,692.04,700.0,100,24,1440,3201,1741.5625,143771.0,0
2026-02-23T19:48:30+00:00,0,,,58,693.118,700.0,100,24,1455,3201,1741.5625,143771.0,0
2026-02-23T19:48:31+00:00,0,,,58,692.67,700.0,100,24,1440,3201,1741.5625,143771.0,0
2026-02-23T19:48:32+00:00,0,,,58,691.388,700.0,100,24,1440,3201,1741.5625,143771.0,0
2026-02-23T19:48:33+00:00,0,,,58,690.826,700.0,100,24,1440,3201,1741.5625,143771.0,0
2026-02-23T19:48:34+00:00,0,,,58,692.611,700.0,100,24,1455,3201,1741.5625,143771.0,0
2026-02-23T19:48:35+00:00,0,,,59,690.524,700.0,100,24,1425,3201,1741.5625,143771.0,0
2026-02-23T19:48:36+00:00,0,,,59,694.803,700.0,100,24,1440,3201,1741.5625,143771.0,0
2026-02-23T19:48:37+00:00,0,,,59,692.257,700.0,100,24,1425,3201,1741.5625,143771.0,0
2026-02-23T19:48:38+00:00,0,,,59,692.095,700.0,100,24,1440,3201,1741.5625,143771.0,0
2026-02-23T19:48:39+00:00,0,,,59,692.54,700.0,100,24,1440,3201,1741.5625,143771.0,0
2026-02-23T19:48:40+00:00,0,,,60,692.098,700.0,100,23,1440,3201,1741.5625,143771.0,0
2026-02-23T19:48:41+00:00,0,,,59,693.148,700.0,100,24,1440,3201,1741.5625,143771.0,0
2026-02-23T19:48:42+00:00,0,,,60,691.402,700.0,100,23,1455,3201,1741.5625,143771.0,0
2026-02-23T19:48:43+00:00,0,,,60,692.599,700.0,100,24,1440,3201,1741.5625,143771.0,0
2026-02-23T19:48:44+00:00,0,,,60,692.263,700.0,100,24,1425,3201,1741.5625,143771.0,0
2026-02-23T19:48:45+00:00,0,,,60,691.636,700.0,100,23,1440,3201,1741.5625,143771.0,0
2026-02-23T19:48:46+00:00,0,,,60,693.497,700.0,100,24,1455,3201,1741.5625,143771.0,0
2026-02-23T19:48:47+00:00,0,,,61,690.651,700.0,100,24,1455,3201,1741.5625,143771.0,0
2026-02-23T19:48:48+00:00,0,,,60,693.02,700.0,100,24,1470,3201,1741.5625,143771.0,0
2026-02-23T19:48:49+00:00,0,,,60,693.085,700.0,100,24,1440,3201,1741.5625,143771.0,0
2026-02-23T19:48:50+00:00,0,,,61,691.737,700.0,100,24,1500,3201,1741.5625,143771.0,0
2026-02-23T19:48:51+00:00,0,,,61,692.233,700.0,100,24,1455,3201,1741.5625,143771.0,0
2026-02-23T19:48:52+00:00,0,,,61,691.239,700.0,100,24,1440,3201,1741.5625,143771.0,0
2026-02-23T19:48:53+00:00,0,,,61,691.835,700.0,100,24,1440,3201,1741.5625,143771.0,0
2026-02-23T19:48:54+00:00,0,,,61,691.568,700.0,100,24,1440,3201,1741.5625,143771.0,0
2026-02-23T19:48:55+00:00,0,,,61,694.532,700.0,100,24,1455,3201,1741.5625,143771.0,0
2026-02-23T19:48:56+00:00,0,,,61,691.129,700.0,100,24,1455,3201,1741.5625,143771.0,0
2026-02-23T19:48:57+00:00,0,,,61,689.824,700.0,100,24,1440,3201,1741.5625,143771.0,0
2026-02-23T19:48:58+00:00,0,,,61,692.983,700.0,100,24,1440,3201,1741.5625,143771.0,0
2026-02-23T19:48:59+00:00,0,,,61,692.076,700.0,100,24,1455,3201,1741.5625,143771.0,0
2026-02-23T19:49:00+00:00,0,,,61,691.915,700.0,100,24,1440,3201,1741.5625,143771.0,0
2026-02-23T19:49:01+00:00,0,,,61,691.744,700.0,100,24,1455,3201,1741.5625,143771.0,0
2026-02-23T19:49:02+00:00,0,,,61,691.829,700.0,100,24,1440,3201,1741.5625,143771.0,0
2026-02-23T19:49:03+00:00,0,,,62,692.048,700.0,100,24,1455,3201,1741.5625,143771.0,0
2026-02-23T19:49:04+00:00,0,,,61,690.259,700.0,100,24,1440,3201,1741.5625,143771.0,0
2026-02-23T19:49:05+00:00,0,,,62,693.061,700.0,100,24,1455,3201,1741.5625,143771.0,0
2026-02-23T19:49:06+00:00,0,,,62,691.999,700.0,100,24,1470,3201,1741.5625,143771.0,0
2026-02-23T19:49:07+00:00,0,,,62,691.526,700.0,100,24,1440,3201,1741.5625,143771.0,0
2026-02-23T19:49:08+00:00,0,,,62,691.499,700.0,100,24,1440,3201,1741.5625,143771.0,0
2026-02-23T19:49:09+00:00,0,,,62,691.658,700.0,100,24,1440,3201,1741.5625,143771.0,0
2026-02-23T19:49:10+00:00,0,,,62,690.673,700.0,100,24,1440,3201,1741.5625,143771.0,0
2026-02-23T19:49:11+00:00,0,,,62,692.559,700.0,100,24,1440,3201,1741.5625,143771.0,0
2026-02-23T19:49:12+00:00,0,,,62,692.481,700.0,100,24,1455,3201,1741.5625,143771.0,0
2026-02-23T19:49:13+00:00,0,,,62,691.182,700.0,100,24,1455,3201,1741.5625,143771.0,0
2026-02-23T19:49:14+00:00,0,,,62,691.887,700.0,100,23,1470,3201,1741.5625,143771.0,0
2026-02-23T19:49:15+00:00,0,,,62,692.539,700.0,100,24,1440,3201,1741.5625,143771.0,0
2026-02-23T19:49:16+00:00,0,,,62,692.621,700.0,100,24,1470,3201,1741.5625,143771.0,0
2026-02-23T19:49:17+00:00,0,,,62,693.03,700.0,100,24,1485,3201,1741.5625,143771.0,0
2026-02-23T19:49:18+00:00,0,,,62,691.251,700.0,100,24,1440,3201,1741.5625,143771.0,0
2026-02-23T19:49:19+00:00,0,,,62,692.641,700.0,100,24,1455,3201,1741.5625,143771.0,0
2026-02-23T19:49:20+00:00,0,,,62,691.92,700.0,100,24,1455,3201,1741.5625,143771.0,0
2026-02-23T19:49:21+00:00,0,,,62,692.757,700.0,100,24,1485,3201,1741.5625,143771.0,0
2026-02-23T19:49:22+00:00,0,,,62,693.42,700.0,100,24,1455,3201,1741.5625,143771.0,0
2026-02-23T19:49:23+00:00,0,,,62,692.371,700.0,100,24,1440,3201,1741.5625,143771.0,0
2026-02-23T19:49:24+00:00,0,,,62,692.023,700.0,100,24,1440,3201,1741.5625,143771.0,0
2026-02-23T19:49:25+00:00,0,,,62,691.664,700.0,100,24,1455,3201,1741.5625,143771.0,0
2026-02-23T19:49:26+00:00,0,,,62,691.774,700.0,100,23,1455,3201,1741.5625,143771.0,0
2026-02-23T19:49:27+00:00,0,,,62,691.489,700.0,100,24,1455,3201,1741.5625,143771.0,0
2026-02-23T19:49:28+00:00,0,,,63,693.809,700.0,100,24,1455,3201,1741.5625,143771.0,0
2026-02-23T19:49:29+00:00,0,,,62,693.244,700.0,100,24,1440,3201,1741.5625,143771.0,0
2026-02-23T19:49:30+00:00,0,,,63,693.309,700.0,100,24,1440,3201,1741.5625,143771.0,0
2026-02-23T19:49:31+00:00,0,,,63,692.598,700.0,100,24,1455,3201,1741.5625,143771.0,0
2026-02-23T19:49:32+00:00,0,,,63,691.559,700.0,100,24,1425,3201,1741.5625,143771.0,0
2026-02-23T19:49:33+00:00,0,,,63,689.937,700.0,100,24,1455,3201,1741.5625,143771.0,0
2026-02-23T19:49:34+00:00,0,,,63,691.553,700.0,100,24,1455,3201,1741.5625,143771.0,0
2026-02-23T19:49:35+00:00,0,,,63,693.0,700.0,100,24,1455,3201,1741.5625,143771.0,0
2026-02-23T19:49:36+00:00,0,,,63,690.652,700.0,100,24,1440,3201,1741.5625,143771.0,0
2026-02-23T19:49:37+00:00,0,,,63,693.096,700.0,100,24,1455,3201,1741.5625,143771.0,0
2026-02-23T19:49:38+00:00,0,,,63,691.089,700.0,100,24,1440,3201,1741.5625,143771.0,0
2026-02-23T19:49:39+00:00,0,,,63,693.135,700.0,100,24,1440,3201,1741.5625,143771.0,0
2026-02-23T19:49:40+00:00,0,,,63,691.198,700.0,100,24,1470,3201,1741.5625,143771.0,0
2026-02-23T19:49:41+00:00,0,,,63,691.259,700.0,100,24,1455,3201,1741.5625,143771.0,0
2026-02-23T19:49:42+00:00,0,,,63,691.648,700.0,100,23,1470,3201,1741.5625,143771.0,0
2026-02-23T19:49:43+00:00,0,,,63,692.502,700.0,100,24,1455,3201,1741.5625,143771.0,0
2026-02-23T19:49:44+00:00,0,,,63,693.232,700.0,100,24,1455,3201,1741.5625,143771.0,0
2026-02-23T19:49:45+00:00,0,,,63,692.419,700.0,100,24,1455,3201,1741.5625,143771.0,0
2026-02-23T19:49:46+00:00,0,,,63,691.526,700.0,100,24,1455,3201,1741.5625,143771.0,0
2026-02-23T19:49:47+00:00,0,,,63,690.864,700.0,100,24,1440,3201,1741.5625,143771.0,0
2026-02-23T19:49:48+00:00,0,,,63,691.907,700.0,100,24,1455,3201,1741.5625,143771.0,0
2026-02-23T19:49:49+00:00,0,,,63,693.625,700.0,100,24,1470,3201,1741.5625,143771.0,0
2026-02-23T19:49:50+00:00,0,,,63,692.082,700.0,100,24,1440,3201,1741.5625,143771.0,0
2026-02-23T19:49:51+00:00,0,,,63,694.259,700.0,100,24,1455,3201,1741.5625,143771.0,0
2026-02-23T19:49:52+00:00,0,,,63,694.197,700.0,100,24,1440,3201,1741.5625,143771.0,0
2026-02-23T19:49:53+00:00,0,,,63,693.334,700.0,100,24,1455,3201,1741.5625,143771.0,0
2026-02-23T19:49:54+00:00,0,,,63,692.584,700.0,100,24,1425,3201,1741.5625,143771.0,0
2026-02-23T19:49:55+00:00,0,,,63,692.862,700.0,100,24,1455,3201,1741.5625,143771.0,0
2026-02-23T19:49:56+00:00,0,,,63,692.553,700.0,100,24,1455,3201,1741.5625,143771.0,0
2026-02-23T19:49:57+00:00,0,,,63,693.944,700.0,100,24,1455,3201,1741.5625,143771.0,0
2026-02-23T19:49:58+00:00,0,,,63,691.312,700.0,100,24,1470,3201,1741.5625,143771.0,0
2026-02-23T19:49:59+00:00,0,,,63,692.603,700.0,100,24,1440,3201,1741.5625,143771.0,0
2026-02-23T19:50:00+00:00,0,,,63,691.417,700.0,100,24,1440,3201,1741.5625,143771.0,0
2026-02-23T19:50:01+00:00,0,,,63,692.901,700.0,100,24,1440,3201,1741.5625,143771.0,0
2026-02-23T19:50:02+00:00,0,,,63,690.846,700.0,100,24,1455,3201,1741.5625,143771.0,0
2026-02-23T19:50:03+00:00,0,,,63,691.789,700.0,100,24,1440,3201,1741.5625,143771.0,0
2026-02-23T19:50:04+00:00,0,,,63,691.3,700.0,100,24,1455,3201,1741.5625,143771.0,0
2026-02-23T19:50:05+00:00,0,,,63,693.321,700.0,100,24,1455,3201,1741.5625,143771.0,0
2026-02-23T19:50:06+00:00,0,,,63,691.557,700.0,100,24,1455,3201,1741.5625,143771.0,0
2026-02-23T19:50:07+00:00,0,,,63,693.682,700.0,100,24,1440,3201,1741.5625,143771.0,0
2026-02-23T19:50:08+00:00,0,,,63,691.688,700.0,100,24,1425,3201,1741.5625,143771.0,0
2026-02-23T19:50:09+00:00,0,,,63,691.573,700.0,100,24,1440,3201,1741.5625,143771.0,0
2026-02-23T19:50:10+00:00,0,,,63,693.408,700.0,100,24,1440,3201,1741.5625,143771.0,0
2026-02-23T19:50:11+00:00,0,,,63,692.981,700.0,100,24,1425,3201,1741.5625,143771.0,0
2026-02-23T19:50:12+00:00,0,,,63,692.4,700.0,100,24,1455,3201,1741.5625,143771.0,0
2026-02-23T19:50:13+00:00,0,,,63,689.729,700.0,100,24,1470,3201,1741.5625,143771.0,0
2026-02-23T19:50:14+00:00,0,,,63,693.061,700.0,100,24,1440,3201,1741.5625,143771.0,0
2026-02-23T19:50:15+00:00,0,,,63,692.025,700.0,100,24,1440,3201,1741.5625,143771.0,0
2026-02-23T19:50:16+00:00,0,,,63,692.42,700.0,100,24,1455,3201,1741.5625,143771.0,0
2026-02-23T19:50:17+00:00,0,,,63,691.175,700.0,100,24,1440,3201,1741.5625,143771.0,0
2026-02-23T19:50:18+00:00,0,,,63,692.366,700.0,100,24,1440,3201,1741.5625,143771.0,0
2026-02-23T19:50:19+00:00,0,,,63,693.56,700.0,100,24,1440,3201,1741.5625,143771.0,0
2026-02-23T19:50:20+00:00,0,,,63,693.377,700.0,100,24,1455,3201,1741.5625,143771.0,0
2026-02-23T19:50:21+00:00,0,,,63,692.375,700.0,100,24,1455,3201,1741.5625,143771.0,0
2026-02-23T19:50:22+00:00,0,,,64,692.718,700.0,100,24,1440,3201,1741.5625,143771.0,0
2026-02-23T19:50:23+00:00,0,,,63,691.366,700.0,100,24,1455,3201,1741.5625,143771.0,0
2026-02-23T19:50:24+00:00,0,,,63,692.996,700.0,100,24,1440,3201,1741.5625,143771.0,0
2026-02-23T19:50:25+00:00,0,,,63,693.264,700.0,100,24,1425,3201,1741.5625,143771.0,0
2026-02-23T19:50:26+00:00,0,,,63,690.874,700.0,100,24,1440,3201,1741.5625,143771.0,0
2026-02-23T19:50:27+00:00,0,,,63,693.598,700.0,100,24,1425,3201,1741.5625,143771.0,0
2026-02-23T19:50:28+00:00,0,,,63,690.504,700.0,100,24,1440,3201,1741.5625,143771.0,0
2026-02-23T19:50:29+00:00,0,,,64,689.45,700.0,100,24,1470,3201,1741.5625,143771.0,0
2026-02-23T19:50:30+00:00,0,,,63,693.823,700.0,100,24,1425,3201,1741.5625,143771.0,0
2026-02-23T19:50:31+00:00,0,,,63,691.989,700.0,100,24,1440,3201,1741.5625,143771.0,0
2026-02-23T19:50:32+00:00,0,,,63,691.567,700.0,100,24,1455,3201,1741.5625,143771.0,0
2026-02-23T19:50:33+00:00,0,,,64,691.607,700.0,100,24,1440,3201,1741.5625,143771.0,0
2026-02-23T19:50:34+00:00,0,,,63,692.149,700.0,100,24,1455,3201,1741.5625,143771.0,0
2026-02-23T19:50:35+00:00,0,,,63,693.088,700.0,100,24,1425,3201,1741.5625,143771.0,0
2026-02-23T19:50:36+00:00,0,,,63,690.9,700.0,100,24,1440,3201,1741.5625,143771.0,0
2026-02-23T19:50:37+00:00,0,,,64,691.359,700.0,100,24,1440,3201,1741.5625,143771.0,0
2026-02-23T19:50:38+00:00,0,,,64,690.444,700.0,100,23,1455,3201,1741.5625,143771.0,0
2026-02-23T19:50:39+00:00,0,,,63,691.573,700.0,100,24,1440,3201,1741.5625,143771.0,0
2026-02-23T19:50:40+00:00,0,,,63,692.97,700.0,100,24,1425,3201,1741.5625,143771.0,0
2026-02-23T19:50:41+00:00,0,,,63,694.659,700.0,100,23,1440,3201,1741.5625,143771.0,0
2026-02-23T19:50:42+00:00,0,,,63,691.284,700.0,100,24,1440,3201,1741.5625,143771.0,0
2026-02-23T19:50:43+00:00,0,,,64,693.006,700.0,100,23,1440,3201,1741.5625,143771.0,0
2026-02-23T19:50:44+00:00,0,,,64,690.648,700.0,100,24,1440,3201,1741.5625,143771.0,0
2026-02-23T19:50:45+00:00,0,,,64,690.57,700.0,100,24,1440,3201,1741.5625,143771.0,0
2026-02-23T19:50:46+00:00,0,,,63,692.348,700.0,100,24,1440,3201,1741.5625,143771.0,0
2026-02-23T19:50:47+00:00,0,,,63,693.51,700.0,100,24,1440,3201,1741.5625,143771.0,0
2026-02-23T19:50:48+00:00,0,,,64,691.805,700.0,100,24,1455,3201,1741.5625,143771.0,0
2026-02-23T19:50:49+00:00,0,,,64,692.84,700.0,100,24,1455,3201,1741.5625,143771.0,0
2026-02-23T19:50:50+00:00,0,,,63,691.067,700.0,100,23,1455,3201,1741.5625,143771.0,0
2026-02-23T19:50:51+00:00,0,,,64,694.209,700.0,100,24,1425,3201,1741.5625,143771.0,0
2026-02-23T19:50:52+00:00,0,,,64,691.858,700.0,100,24,1440,3201,1741.5625,143771.0,0
2026-02-23T19:50:53+00:00,0,,,64,693.196,700.0,100,23,1440,3201,1741.5625,143771.0,0
2026-02-23T19:50:54+00:00,0,,,63,692.327,700.0,100,23,1440,3201,1741.5625,143771.0,0
2026-02-23T19:50:55+00:00,0,,,63,693.889,700.0,100,23,1440,3201,1741.5625,143771.0,0
2026-02-23T19:50:56+00:00,0,,,64,692.99,700.0,100,23,1440,3201,1741.5625,143771.0,0
2026-02-23T19:50:57+00:00,0,,,64,692.387,700.0,100,24,1440,3201,1741.5625,143771.0,0
2026-02-23T19:50:58+00:00,0,,,64,693.015,700.0,100,23,1440,3201,1741.5625,143771.0,0
2026-02-23T19:50:59+00:00,0,,,63,691.457,700.0,100,24,1455,3201,1741.5625,143771.0,0
2026-02-23T19:51:00+00:00,0,,,64,692.195,700.0,100,24,1440,3201,1741.5625,143771.0,0
2026-02-23T19:51:01+00:00,0,,,64,693.642,700.0,100,24,1440,3201,1741.5625,143771.0,0
2026-02-23T19:51:02+00:00,0,,,64,691.67,700.0,100,24,1440,3201,1741.5625,143771.0,0
2026-02-23T19:51:03+00:00,0,,,64,691.913,700.0,100,24,1455,3201,1741.5625,143771.0,0
2026-02-23T19:51:04+00:00,0,,,64,693.243,700.0,100,24,1455,3201,1741.5625,143771.0,0
2026-02-23T19:51:05+00:00,0,,,64,691.631,700.0,100,24,1440,3201,1741.5625,143771.0,0
2026-02-23T19:51:06+00:00,0,,,64,693.531,700.0,100,24,1455,3201,1741.5625,143771.0,0
2026-02-23T19:51:07+00:00,0,,,64,692.522,700.0,100,23,1440,3201,1741.5625,143771.0,0
2026-02-23T19:51:08+00:00,0,,,64,692.408,700.0,100,24,1440,3201,1741.5625,143771.0,0
2026-02-23T19:51:09+00:00,0,,,64,692.721,700.0,100,24,1440,3201,1741.5625,143771.0,0
2026-02-23T19:51:10+00:00,0,,,64,691.869,700.0,100,24,1455,3201,1741.5625,143771.0,0
2026-02-23T19:51:11+00:00,0,,,63,692.77,700.0,100,24,1455,3201,1741.5625,143771.0,0
2026-02-23T19:51:12+00:00,0,,,63,693.61,700.0,100,24,1455,3201,1741.5625,143771.0,0
2026-02-23T19:51:13+00:00,0,,,63,691.53,700.0,100,24,1455,3201,1741.5625,143771.0,0
2026-02-23T19:51:14+00:00,0,,,64,690.56,700.0,100,23,1440,3201,1741.5625,143771.0,0
2026-02-23T19:51:15+00:00,0,,,64,692.195,700.0,100,24,1440,3201,1741.5625,143771.0,0
2026-02-23T19:51:16+00:00,0,,,64,692.158,700.0,100,23,1425,3201,1741.5625,143771.0,0
2026-02-23T19:51:17+00:00,0,,,64,692.11,700.0,100,24,1440,3201,1741.5625,143771.0,0
2026-02-23T19:51:18+00:00,0,,,63,693.277,700.0,100,24,1455,3201,1741.5625,143771.0,0
2026-02-23T19:51:19+00:00,0,,,64,690.281,700.0,100,24,1455,3201,1741.5625,143771.0,0
2026-02-23T19:51:20+00:00,0,,,64,692.585,700.0,100,24,1440,3201,1741.5625,143771.0,0
2026-02-23T19:51:21+00:00,0,,,63,691.337,700.0,100,23,1455,3201,1741.5625,143771.0,0
2026-02-23T19:51:22+00:00,0,,,64,693.404,700.0,100,24,1440,3201,1741.5625,143771.0,0
2026-02-23T19:51:23+00:00,0,,,64,691.632,700.0,100,24,1455,3201,1741.5625,143771.0,0
2026-02-23T19:51:24+00:00,0,,,64,692.397,700.0,100,24,1440,3201,1741.5625,143771.0,0
2026-02-23T19:51:25+00:00,0,,,64,693.425,700.0,100,24,1440,3201,1741.5625,143771.0,0
2026-02-23T19:51:26+00:00,0,,,64,692.309,700.0,100,24,1440,3201,1741.5625,143771.0,0
2026-02-23T19:51:27+00:00,0,,,64,692.14,700.0,100,24,1440,3201,1741.5625,143771.0,0
2026-02-23T19:51:28+00:00,0,,,64,691.365,700.0,100,24,1440,3201,1741.5625,143771.0,0
2026-02-23T19:51:29+00:00,0,,,64,690.856,700.0,100,24,1455,3201,1741.5625,143771.0,0
2026-02-23T19:51:30+00:00,0,,,64,693.349,700.0,100,24,1440,3201,1741.5625,143771.0,0
2026-02-23T19:51:31+00:00,0,,,64,691.878,700.0,100,24,1455,3201,1741.5625,143771.0,0
2026-02-23T19:51:32+00:00,0,,,64,690.7,700.0,100,24,1440,3201,1741.5625,143771.0,0
2026-02-23T19:51:33+00:00,0,,,64,690.7,700.0,100,24,1470,3201,1741.5625,143771.0,0
2026-02-23T19:51:34+00:00,0,,,64,691.137,700.0,100,24,1440,3201,1741.5625,143771.0,0
2026-02-23T19:51:35+00:00,0,,,64,692.835,700.0,100,24,1440,3201,1741.5625,143771.0,0
2026-02-23T19:51:36+00:00,0,,,64,693.551,700.0,100,24,1440,3201,1741.5625,143771.0,0
2026-02-23T19:51:37+00:00,0,,,64,693.444,700.0,100,24,1455,3201,1741.5625,143771.0,0
2026-02-23T19:51:38+00:00,0,,,64,690.04,700.0,100,24,1440,3201,1741.5625,143771.0,0
2026-02-23T19:51:39+00:00,0,,,64,691.837,700.0,100,24,1470,3201,1741.5625,143771.0,0
2026-02-23T19:51:40+00:00,0,,,64,692.231,700.0,100,24,1440,3201,1741.5625,143771.0,0
2026-02-23T19:51:41+00:00,0,,,64,693.716,700.0,100,23,1440,3201,1741.5625,143771.0,0
2026-02-23T19:51:42+00:00,0,,,64,691.585,700.0,100,24,1455,3201,1741.5625,143771.0,0
2026-02-23T19:51:43+00:00,0,,,64,692.738,700.0,100,24,1440,3201,1741.5625,143771.0,0
2026-02-23T19:51:44+00:00,0,,,64,690.697,700.0,100,23,1455,3201,1741.5625,143771.0,0
2026-02-23T19:51:45+00:00,0,,,64,692.66,700.0,100,24,1455,3201,1741.5625,143771.0,0
2026-02-23T19:51:46+00:00,0,,,64,693.402,700.0,100,24,1440,3201,1741.5625,143771.0,0
2026-02-23T19:51:47+00:00,0,,,64,693.349,700.0,100,24,1425,3201,1741.5625,143771.0,0
2026-02-23T19:51:48+00:00,0,,,64,691.098,700.0,100,24,1440,3201,1741.5625,143771.0,0
2026-02-23T19:51:49+00:00,0,,,64,691.945,700.0,100,24,1455,3201,1741.5625,143771.0,0
2026-02-23T19:51:50+00:00,0,,,64,691.457,700.0,100,24,1455,3201,1741.5625,143771.0,0
2026-02-23T19:51:51+00:00,0,,,64,691.203,700.0,100,24,1455,3201,1741.5625,143771.0,0
2026-02-23T19:51:52+00:00,0,,,64,691.908,700.0,100,24,1455,3201,1741.5625,143771.0,0
2026-02-23T19:51:53+00:00,0,,,64,692.615,700.0,100,24,1485,3201,1741.5625,143771.0,0
2026-02-23T19:51:54+00:00,0,,,64,693.152,700.0,100,24,1440,3201,1741.5625,143771.0,0
2026-02-23T19:51:55+00:00,0,,,64,692.303,700.0,100,24,1440,3201,1741.5625,143771.0,0
2026-02-23T19:51:56+00:00,0,,,64,690.567,700.0,100,24,1455,3201,1741.5625,143771.0,0
2026-02-23T19:51:57+00:00,0,,,64,692.932,700.0,100,24,1455,3201,1741.5625,143771.0,0
2026-02-23T19:51:58+00:00,0,,,64,690.469,700.0,100,24,1455,3201,1741.5625,143771.0,0
2026-02-23T19:51:59+00:00,0,,,64,692.727,700.0,100,24,1455,3201,1741.5625,143771.0,0
2026-02-23T19:52:00+00:00,0,,,64,693.717,700.0,100,24,1455,3201,1741.5625,143771.0,0
2026-02-23T19:52:01+00:00,0,,,64,692.97,700.0,100,24,1440,3201,1741.5625,143771.0,0
2026-02-23T19:52:02+00:00,0,,,64,690.44,700.0,100,24,1425,3201,1741.5625,143771.0,0
2026-02-23T19:52:03+00:00,0,,,64,690.3,700.0,100,23,1470,3201,1741.5625,143771.0,0
2026-02-23T19:52:04+00:00,0,,,64,692.27,700.0,100,24,1455,3201,1741.5625,143771.0,0
2026-02-23T19:52:05+00:00,0,,,64,692.642,700.0,100,23,1440,3201,1741.5625,143771.0,0
2026-02-23T19:52:06+00:00,0,,,64,692.029,700.0,100,24,1455,3201,1741.5625,143771.0,0
2026-02-23T19:52:07+00:00,0,,,64,692.035,700.0,100,24,1455,3201,1741.5625,143771.0,0
2026-02-23T19:52:08+00:00,0,,,64,692.21,700.0,100,24,1455,3201,1741.5625,143771.0,0
2026-02-23T19:52:09+00:00,0,,,64,691.217,700.0,100,24,1440,3201,1741.5625,143771.0,0
2026-02-23T19:52:10+00:00,0,,,64,690.202,700.0,100,24,1455,3201,1741.5625,143771.0,0
2026-02-23T19:52:11+00:00,0,,,64,692.463,700.0,100,24,1440,3201,1741.5625,143771.0,0
2026-02-23T19:52:12+00:00,0,,,64,693.877,700.0,100,24,1455,3201,1741.5625,143771.0,0
2026-02-23T19:52:13+00:00,0,,,64,694.359,700.0,100,24,1440,3201,1741.5625,143771.0,0
2026-02-23T19:52:14+00:00,0,,,64,691.364,700.0,100,24,1440,3201,1741.5625,143771.0,0
2026-02-23T19:52:15+00:00,0,,,64,692.273,700.0,100,24,1440,3201,1741.5625,143771.0,0
2026-02-23T19:52:16+00:00,0,,,64,692.638,700.0,100,24,1440,3201,1741.5625,143771.0,0
2026-02-23T19:52:17+00:00,0,,,64,691.996,700.0,100,24,1440,3201,1741.5625,143771.0,0
2026-02-23T19:52:18+00:00,0,,,64,693.16,700.0,100,24,1440,3201,1741.5625,143771.0,0
2026-02-23T19:52:19+00:00,0,,,64,692.606,700.0,100,24,1440,3201,1741.5625,143771.0,0
2026-02-23T19:52:20+00:00,0,,,64,690.886,700.0,100,24,1425,3201,1741.5625,143771.0,0
2026-02-23T19:52:21+00:00,0,,,64,691.162,700.0,100,24,1425,3201,1741.5625,143771.0,0
2026-02-23T19:52:22+00:00,0,,,64,690.279,700.0,100,24,1425,3201,1741.5625,143771.0,0
2026-02-23T19:52:23+00:00,0,,,64,691.061,700.0,100,23,1455,3201,1741.5625,143771.0,0
2026-02-23T19:52:24+00:00,0,,,64,692.144,700.0,100,23,1440,3201,1741.5625,143771.0,0
2026-02-23T19:52:25+00:00,0,,,64,690.8,700.0,100,24,1425,3201,1741.5625,143771.0,0
2026-02-23T19:52:26+00:00,0,,,64,691.678,700.0,100,24,1440,3201,1741.5625,143771.0,0
2026-02-23T19:52:27+00:00,0,,,64,693.219,700.0,100,24,1455,3201,1741.5625,143771.0,0
2026-02-23T19:52:28+00:00,0,,,64,693.012,700.0,100,24,1440,3201,1741.5625,143771.0,0
2026-02-23T19:52:29+00:00,0,,,64,693.845,700.0,100,24,1440,3201,1741.5625,143771.0,0
2026-02-23T19:52:30+00:00,0,,,64,692.134,700.0,100,24,1440,3201,1741.5625,143771.0,0
2026-02-23T19:52:31+00:00,0,,,64,691.519,700.0,100,24,1440,3201,1741.5625,143771.0,0
2026-02-23T19:52:32+00:00,0,,,64,691.102,700.0,100,23,1440,3201,1741.5625,143771.0,0
2026-02-23T19:52:33+00:00,0,,,64,691.654,700.0,100,24,1440,3201,1741.5625,143771.0,0
2026-02-23T19:52:34+00:00,0,,,64,692.943,700.0,100,24,1470,3201,1741.5625,143771.0,0
2026-02-23T19:52:35+00:00,0,,,64,692.272,700.0,100,24,1440,3201,1741.5625,143771.0,0
2026-02-23T19:52:36+00:00,0,,,64,692.625,700.0,100,23,1440,3201,1741.5625,143771.0,0
2026-02-23T19:52:37+00:00,0,,,64,693.776,700.0,100,24,1440,3201,1741.5625,143771.0,0
2026-02-23T19:52:38+00:00,0,,,64,692.538,700.0,100,24,1455,3201,1741.5625,143771.0,0
2026-02-23T19:52:39+00:00,0,,,64,691.998,700.0,100,24,1440,3201,1741.5625,143771.0,0
2026-02-23T19:52:40+00:00,0,,,64,691.976,700.0,100,24,1470,3201,1741.5625,143771.0,0
2026-02-23T19:52:41+00:00,0,,,64,691.467,700.0,100,24,1440,3201,1741.5625,143771.0,0
2026-02-23T19:52:42+00:00,0,,,64,691.589,700.0,100,24,1440,3201,1741.5625,143771.0,0
2026-02-23T19:52:43+00:00,0,,,64,692.843,700.0,100,23,1455,3201,1741.5625,143771.0,0
2026-02-23T19:52:44+00:00,0,,,64,691.282,700.0,100,24,1440,3201,1741.5625,143771.0,0
2026-02-23T19:52:45+00:00,0,,,64,692.633,700.0,100,24,1455,3201,1741.5625,143771.0,0
2026-02-23T19:52:46+00:00,0,,,64,690.419,700.0,100,24,1440,3201,1741.5625,143771.0,0
2026-02-23T19:52:47+00:00,0,,,64,692.129,700.0,100,24,1440,3201,1741.5625,143771.0,0
2026-02-23T19:52:48+00:00,0,,,64,691.425,700.0,100,23,1440,3201,1741.5625,143771.0,0
2026-02-23T19:52:49+00:00,0,,,64,692.083,700.0,100,24,1455,3201,1741.5625,143771.0,0
2026-02-23T19:52:50+00:00,0,,,64,692.297,700.0,100,24,1455,3201,1741.5625,143771.0,0
2026-02-23T19:52:51+00:00,0,,,64,693.292,700.0,100,24,1455,3201,1741.5625,143771.0,0
2026-02-23T19:52:52+00:00,0,,,64,692.45,700.0,100,24,1440,3201,1741.5625,143771.0,0
2026-02-23T19:52:53+00:00,0,,,64,690.493,700.0,100,24,1455,3201,1741.5625,143771.0,0
2026-02-23T19:52:54+00:00,0,,,64,691.534,700.0,100,24,1425,3201,1741.5625,143771.0,0
2026-02-23T19:52:55+00:00,0,,,64,691.161,700.0,100,24,1455,3201,1741.5625,143771.0,0
2026-02-23T19:52:56+00:00,0,,,64,691.189,700.0,100,24,1485,3201,1741.5625,143771.0,0
2026-02-23T19:52:57+00:00,0,,,64,691.687,700.0,100,24,1440,3201,1741.5625,143771.0,0
2026-02-23T19:52:58+00:00,0,,,64,692.451,700.0,100,24,1455,3201,1741.5625,143771.0,0
2026-02-23T19:52:59+00:00,0,,,64,693.388,700.0,100,24,1440,3201,1741.5625,143771.0,0
2026-02-23T19:53:00+00:00,0,,,64,692.806,700.0,100,24,1440,3201,1741.5625,143771.0,0
2026-02-23T19:53:01+00:00,0,,,64,692.145,700.0,100,24,1440,3201,1741.5625,143771.0,0
2026-02-23T19:53:02+00:00,0,,,64,693.191,700.0,100,24,1440,3201,1741.5625,143771.0,0
2026-02-23T19:53:03+00:00,0,,,64,691.744,700.0,100,24,1440,3201,1741.5625,143771.0,0
2026-02-23T19:53:04+00:00,0,,,64,693.654,700.0,100,24,1455,3201,1741.5625,143771.0,0
2026-02-23T19:53:05+00:00,0,,,64,692.378,700.0,100,24,1455,3201,1741.5625,143771.0,0
2026-02-23T19:53:06+00:00,0,,,64,693.438,700.0,100,24,1440,3201,1741.5625,143771.0,0
2026-02-23T19:53:07+00:00,0,,,64,691.252,700.0,100,24,1455,3201,1741.5625,143771.0,0
2026-02-23T19:53:08+00:00,0,,,64,693.201,700.0,100,24,1455,3201,1741.5625,143771.0,0
2026-02-23T19:53:09+00:00,0,,,50,462.901,700.0,0,0,1965,3201,604.6875,143771.0,0
2026-02-23T19:53:10+00:00,0,,,47,132.556,700.0,0,0,1980,3201,604.6875,143771.0,0
2026-02-23T19:53:11+00:00,0,,,45,116.361,700.0,0,0,375,3201,604.6875,143771.0,0
2026-02-23T19:53:12+00:00,0,,,44,80.629,700.0,0,0,345,3201,604.6875,143771.0,0
2026-02-23T19:53:13+00:00,0,,,43,80.243,700.0,0,0,345,3201,604.6875,143771.0,0
2026-02-23T19:53:14+00:00,0,,,42,80.137,700.0,0,0,345,3201,604.6875,143771.0,0
2026-02-23T19:53:15+00:00,0,,,42,79.948,700.0,0,0,345,3201,604.6875,143771.0,0
2026-02-23T19:53:16+00:00,0,,,41,79.769,700.0,0,0,345,3201,604.6875,143771.0,0
2026-02-23T19:53:17+00:00,0,,,41,79.524,700.0,0,0,345,3201,604.6875,143771.0,0
2026-02-23T19:53:18+00:00,0,,,40,79.312,700.0,0,0,345,3201,604.6875,143771.0,0
2026-02-23T19:53:19+00:00,0,,,40,79.139,700.0,0,0,345,3201,604.6875,143771.0,0
2026-02-23T19:53:20+00:00,0,,,39,78.992,700.0,0,0,345,3201,604.6875,143771.0,0
2026-02-23T19:53:21+00:00,0,,,39,78.845,700.0,0,0,345,3201,604.6875,143771.0,0
2026-02-23T19:53:22+00:00,0,,,39,78.739,700.0,0,0,345,3201,604.6875,143771.0,0
2026-02-23T19:53:23+00:00,0,,,38,78.53,700.0,0,0,345,3201,604.6875,143771.0,0
2026-02-23T19:53:24+00:00,0,,,38,78.705,700.0,0,0,345,3201,604.6875,143771.0,0
2026-02-23T19:53:25+00:00,0,,,38,78.5,700.0,0,0,345,3201,604.6875,143771.0,0
2026-02-23T19:53:26+00:00,0,,,37,78.384,700.0,0,0,345,3201,604.6875,143771.0,0
2026-02-23T19:53:27+00:00,0,,,37,78.281,700.0,0,0,345,3201,604.6875,143771.0,0
2026-02-23T19:53:28+00:00,0,,,37,78.21,700.0,0,0,345,3201,604.6875,143771.0,0
2026-02-23T19:53:29+00:00,0,,,36,78.094,700.0,0,0,345,3201,604.6875,143771.0,0
2026-02-23T19:53:30+00:00,0,,,36,77.992,700.0,0,0,345,3201,604.6875,143771.0,0
2026-02-23T19:53:31+00:00,0,,,36,77.913,700.0,0,0,345,3201,604.6875,143771.0,0
2026-02-23T19:53:32+00:00,0,,,36,77.767,700.0,0,0,345,3201,604.6875,143771.0,0
2026-02-23T19:53:33+00:00,0,,,35,77.758,700.0,0,0,345,3201,604.6875,143771.0,0
2026-02-23T19:53:34+00:00,0,,,35,77.63,700.0,0,0,345,3201,604.6875,143771.0,0
2026-02-23T19:53:35+00:00,0,,,35,77.593,700.0,0,0,345,3201,604.6875,143771.0,0
2026-02-23T19:53:36+00:00,0,,,35,77.589,700.0,0,0,345,3201,604.6875,143771.0,0
2026-02-23T19:53:37+00:00,0,,,35,77.444,700.0,0,0,345,3201,604.6875,143771.0,0
2026-02-23T19:53:38+00:00,0,,,34,77.43,700.0,0,0,345,3201,604.6875,143771.0,0
2026-02-23T19:53:39+00:00,0,,,34,77.323,700.0,0,0,345,3201,604.6875,143771.0,0
2026-02-23T19:53:40+00:00,0,,,34,77.272,700.0,0,0,345,3201,604.6875,143771.0,0
2026-02-23T19:53:41+00:00,0,,,34,77.195,700.0,0,0,345,3201,604.6875,143771.0,0
2026-02-23T19:53:42+00:00,0,,,34,77.185,700.0,0,0,345,3201,604.6875,143771.0,0
2026-02-23T19:53:43+00:00,0,,,34,77.137,700.0,0,0,345,3201,604.6875,143771.0,0
2026-02-23T19:53:44+00:00,0,,,34,77.12,700.0,0,0,345,3201,604.6875,143771.0,0
2026-02-23T19:53:45+00:00,0,,,33,77.01,700.0,0,0,345,3201,604.6875,143771.0,0
2026-02-23T19:53:46+00:00,0,,,33,77.064,700.0,0,0,345,3201,604.6875,143771.0,0
2026-02-23T19:53:47+00:00,0,,,33,76.978,700.0,0,0,345,3201,604.6875,143771.0,0
2026-02-23T19:53:48+00:00,0,,,33,77.075,700.0,0,0,345,3201,604.6875,143771.0,0
2026-02-23T19:53:49+00:00,0,,,33,77.061,700.0,0,0,345,3201,604.6875,143771.0,0
2026-02-23T19:53:50+00:00,0,,,33,76.973,700.0,0,0,345,3201,604.6875,143771.0,0
2026-02-23T19:53:51+00:00,0,,,33,76.9,700.0,0,0,345,3201,604.6875,143771.0,0
2026-02-23T19:53:52+00:00,0,,,33,76.904,700.0,0,0,345,3201,604.6875,143771.0,0
2026-02-23T19:53:53+00:00,0,,,33,76.858,700.0,0,0,345,3201,604.6875,143771.0,0
2026-02-23T19:53:54+00:00,0,,,32,76.782,700.0,0,0,345,3201,604.6875,143771.0,0
2026-02-23T19:53:55+00:00,0,,,32,76.819,700.0,0,0,345,3201,604.6875,143771.0,0
2026-02-23T19:53:56+00:00,0,,,32,76.733,700.0,0,0,345,3201,604.6875,143771.0,0
2026-02-23T19:53:57+00:00,0,,,32,76.707,700.0,0,0,345,3201,604.6875,143771.0,0
2026-02-23T19:53:58+00:00,0,,,32,76.701,700.0,0,0,345,3201,604.6875,143771.0,0
2026-02-23T19:53:59+00:00,0,,,32,76.666,700.0,0,0,345,3201,604.6875,143771.0,0
2026-02-23T19:54:00+00:00,0,,,32,76.721,700.0,0,0,345,3201,604.6875,143771.0,0
2026-02-23T19:54:01+00:00,0,,,32,76.647,700.0,0,0,345,3201,604.6875,143771.0,0
2026-02-23T19:54:02+00:00,0,,,32,76.661,700.0,0,0,345,3201,604.6875,143771.0,0
2026-02-23T19:54:03+00:00,0,,,32,76.632,700.0,0,0,345,3201,604.6875,143771.0,0
2026-02-23T19:54:04+00:00,0,,,32,76.535,700.0,0,0,345,3201,604.6875,143771.0,0
2026-02-23T19:54:05+00:00,0,,,32,76.535,700.0,0,0,345,3201,604.6875,143771.0,0
2026-02-23T19:54:06+00:00,0,,,32,76.537,700.0,0,0,345,3201,604.6875,143771.0,0
2026-02-23T19:54:07+00:00,0,,,32,76.559,700.0,0,0,345,3201,604.6875,143771.0,0
2026-02-23T19:54:08+00:00,0,,,31,76.535,700.0,0,0,345,3201,604.6875,143771.0,0
2026-02-23T19:54:09+00:00,0,,,31,76.495,700.0,0,0,345,3201,604.6875,143771.0,0
2026-02-23T19:54:10+00:00,0,,,31,76.45,700.0,0,0,345,3201,604.6875,143771.0,0
2026-02-23T19:54:11+00:00,0,,,31,76.364,700.0,0,0,345,3201,604.6875,143771.0,0
2026-02-23T19:54:12+00:00,0,,,31,76.479,700.0,0,0,345,3201,604.6875,143771.0,0
2026-02-23T19:54:13+00:00,0,,,31,76.397,700.0,0,0,345,3201,604.6875,143771.0,0
2026-02-23T19:54:14+00:00,0,,,31,76.414,700.0,0,0,345,3201,604.6875,143771.0,0
2026-02-23T19:54:15+00:00,0,,,31,76.409,700.0,0,0,345,3201,604.6875,143771.0,0
2026-02-23T19:54:16+00:00,0,,,31,76.378,700.0,0,0,345,3201,604.6875,143771.0,0
2026-02-23T19:54:17+00:00,0,,,31,76.412,700.0,0,0,345,3201,604.6875,143771.0,0
2026-02-23T19:54:18+00:00,0,,,31,76.384,700.0,0,0,345,3201,604.6875,143771.0,0
2026-02-23T19:54:19+00:00,0,,,31,76.277,700.0,0,0,345,3201,604.6875,143771.0,0
2026-02-23T19:54:20+00:00,0,,,31,76.322,700.0,0,0,345,3201,604.6875,143771.0,0
2026-02-23T19:54:21+00:00,0,,,31,76.325,700.0,0,0,345,3201,604.6875,143771.0,0
2026-02-23T19:54:22+00:00,0,,,31,76.294,700.0,0,0,345,3201,604.6875,143771.0,0
2026-02-23T19:54:23+00:00,0,,,31,76.278,700.0,0,0,345,3201,604.6875,143771.0,0
2026-02-23T19:54:24+00:00,0,,,31,76.27,700.0,0,0,345,3201,604.6875,143771.0,0
2026-02-23T19:54:25+00:00,0,,,31,76.26,700.0,0,0,345,3201,604.6875,143771.0,0
2026-02-23T19:54:26+00:00,0,,,31,76.271,700.0,0,0,345,3201,604.6875,143771.0,0
2026-02-23T19:54:27+00:00,0,,,31,76.311,700.0,0,0,345,3201,604.6875,143771.0,0
2026-02-23T19:54:28+00:00,0,,,31,76.268,700.0,0,0,345,3201,604.6875,143771.0,0
2026-02-23T19:54:29+00:00,0,,,31,76.268,700.0,0,0,345,3201,604.6875,143771.0,0
2026-02-23T19:54:30+00:00,0,,,31,76.237,700.0,0,0,345,3201,604.6875,143771.0,0
2026-02-23T19:54:31+00:00,0,,,31,76.184,700.0,0,0,345,3201,604.6875,143771.0,0
2026-02-23T19:54:32+00:00,0,,,30,76.241,700.0,0,0,345,3201,604.6875,143771.0,0
2026-02-23T19:54:33+00:00,0,,,30,76.242,700.0,0,0,345,3201,604.6875,143771.0,0
2026-02-23T19:54:34+00:00,0,,,30,76.231,700.0,0,0,345,3201,604.6875,143771.0,0
2026-02-23T19:54:35+00:00,0,,,30,76.202,700.0,0,0,345,3201,604.6875,143771.0,0
2026-02-23T19:54:36+00:00,0,,,30,76.173,700.0,0,0,345,3201,604.6875,143771.0,0
2026-02-23T19:54:37+00:00,0,,,30,76.164,700.0,0,0,345,3201,604.6875,143771.0,0
2026-02-23T19:54:38+00:00,0,,,30,76.226,700.0,0,0,345,3201,604.6875,143771.0,0
2026-02-23T19:54:39+00:00,0,,,30,76.146,700.0,0,0,345,3201,604.6875,143771.0,0
2026-02-23T19:54:40+00:00,0,,,30,76.153,700.0,0,0,345,3201,604.6875,143771.0,0
2026-02-23T19:54:41+00:00,0,,,30,76.157,700.0,0,0,345,3201,604.6875,143771.0,0
2026-02-23T19:54:42+00:00,0,,,30,76.112,700.0,0,0,345,3201,604.6875,143771.0,0
2026-02-23T19:54:43+00:00,0,,,30,76.161,700.0,0,0,345,3201,604.6875,143771.0,0
2026-02-23T19:54:44+00:00,0,,,30,76.208,700.0,0,0,345,3201,604.6875,143771.0,0
2026-02-23T19:54:45+00:00,0,,,30,76.157,700.0,0,0,345,3201,604.6875,143771.0,0
2026-02-23T19:54:46+00:00,0,,,30,76.131,700.0,0,0,345,3201,604.6875,143771.0,0
2026-02-23T19:54:47+00:00,0,,,30,76.075,700.0,0,0,345,3201,604.6875,143771.0,0
2026-02-23T19:54:48+00:00,0,,,30,76.022,700.0,0,0,345,3201,604.6875,143771.0,0
2026-02-23T19:54:49+00:00,0,,,30,76.073,700.0,0,0,345,3201,604.6875,143771.0,0
2026-02-23T19:54:50+00:00,0,,,30,76.145,700.0,0,0,345,3201,604.6875,143771.0,0
2026-02-23T19:54:51+00:00,0,,,30,76.062,700.0,0,0,345,3201,604.6875,143771.0,0
2026-02-23T19:54:52+00:00,0,,,30,76.032,700.0,0,0,345,3201,604.6875,143771.0,0
2026-02-23T19:54:53+00:00,0,,,30,76.096,700.0,0,0,345,3201,604.6875,143771.0,0
2026-02-23T19:54:54+00:00,0,,,30,76.057,700.0,0,0,345,3201,604.6875,143771.0,0
2026-02-23T19:54:55+00:00,0,,,30,76.026,700.0,0,0,345,3201,604.6875,143771.0,0
2026-02-23T19:54:56+00:00,0,,,30,76.102,700.0,0,0,345,3201,604.6875,143771.0,0
2026-02-23T19:54:57+00:00,0,,,30,76.09,700.0,0,0,345,3201,604.6875,143771.0,0
2026-02-23T19:54:58+00:00,0,,,30,76.015,700.0,0,0,345,3201,604.6875,143771.0,0
2026-02-23T19:54:59+00:00,0,,,30,76.031,700.0,0,0,345,3201,604.6875,143771.0,0
2026-02-23T19:55:00+00:00,0,,,30,76.025,700.0,0,0,345,3201,604.6875,143771.0,0
2026-02-23T19:55:01+00:00,0,,,30,76.016,700.0,0,0,345,3201,604.6875,143771.0,0
2026-02-23T19:55:02+00:00,0,,,30,75.973,700.0,0,0,345,3201,604.6875,143771.0,0
2026-02-23T19:55:03+00:00,0,,,30,76.065,700.0,0,0,345,3201,604.6875,143771.0,0
2026-02-23T19:55:04+00:00,0,,,30,76.099,700.0,0,0,345,3201,604.6875,143771.0,0
2026-02-23T19:55:05+00:00,0,,,30,76.022,700.0,0,0,345,3201,604.6875,143771.0,0
2026-02-23T19:55:06+00:00,0,,,30,76.033,700.0,0,0,345,3201,604.6875,143771.0,0
2026-02-23T19:55:07+00:00,0,,,30,76.02,700.0,0,0,345,3201,604.6875,143771.0,0
2026-02-23T19:55:08+00:00,0,,,30,76.044,700.0,0,0,345,3201,604.6875,143771.0,0
2026-02-23T19:55:09+00:00,0,,,30,75.975,700.0,0,0,345,3201,604.6875,143771.0,0
2026-02-23T19:55:10+00:00,0,,,30,75.994,700.0,0,0,345,3201,604.6875,143771.0,0
2026-02-23T19:55:11+00:00,0,,,30,75.993,700.0,0,0,345,3201,604.6875,143771.0,0
2026-02-23T19:55:12+00:00,0,,,30,75.991,700.0,0,0,345,3201,604.6875,143771.0,0
2026-02-23T19:55:13+00:00,0,,,30,76.051,700.0,0,0,345,3201,604.6875,143771.0,0
2026-02-23T19:55:14+00:00,0,,,30,76.016,700.0,0,0,345,3201,604.6875,143771.0,0
2026-02-23T19:55:15+00:00,0,,,30,75.991,700.0,0,0,345,3201,604.6875,143771.0,0
2026-02-23T19:55:16+00:00,0,,,30,75.97,700.0,0,0,345,3201,604.6875,143771.0,0
2026-02-23T19:55:17+00:00,0,,,30,75.946,700.0,0,0,345,3201,604.6875,143771.0,0
2026-02-23T19:55:18+00:00,0,,,30,75.985,700.0,0,0,345,3201,604.6875,143771.0,0
2026-02-23T19:55:19+00:00,0,,,30,75.952,700.0,0,0,345,3201,604.6875,143771.0,0
2026-02-23T19:55:20+00:00,0,,,30,76.01,700.0,0,0,345,3201,604.6875,143771.0,0
2026-02-23T19:55:21+00:00,0,,,30,75.942,700.0,0,0,345,3201,604.6875,143771.0,0
2026-02-23T19:55:22+00:00,0,,,30,75.984,700.0,0,0,345,3201,604.6875,143771.0,0
2026-02-23T19:55:23+00:00,0,,,30,75.967,700.0,0,0,345,3201,604.6875,143771.0,0
2026-02-23T19:55:24+00:00,0,,,30,75.956,700.0,0,0,345,3201,604.6875,143771.0,0
2026-02-23T19:55:25+00:00,0,,,30,75.917,700.0,0,0,345,3201,604.6875,143771.0,0
2026-02-23T19:55:26+00:00,0,,,30,75.971,700.0,0,0,345,3201,604.6875,143771.0,0
2026-02-23T19:55:27+00:00,0,,,30,75.902,700.0,0,0,345,3201,604.6875,143771.0,0
2026-02-23T19:55:28+00:00,0,,,30,75.945,700.0,0,0,345,3201,604.6875,143771.0,0
2026-02-23T19:55:29+00:00,0,,,30,75.946,700.0,0,0,345,3201,604.6875,143771.0,0
2026-02-23T19:55:30+00:00,0,,,30,75.901,700.0,0,0,345,3201,604.6875,143771.0,0
2026-02-23T19:55:31+00:00,0,,,30,75.874,700.0,0,0,345,3201,604.6875,143771.0,0
2026-02-23T19:55:32+00:00,0,,,30,75.918,700.0,0,0,345,3201,604.6875,143771.0,0
2026-02-23T19:55:33+00:00,0,,,30,76.01,700.0,0,0,345,3201,604.6875,143771.0,0
2026-02-23T19:55:34+00:00,0,,,30,75.925,700.0,0,0,345,3201,604.6875,143771.0,0
2026-02-23T19:55:35+00:00,0,,,30,75.906,700.0,0,0,345,3201,604.6875,143771.0,0
2026-02-23T19:55:36+00:00,0,,,30,75.917,700.0,0,0,345,3201,604.6875,143771.0,0
2026-02-23T19:55:37+00:00,0,,,30,75.967,700.0,0,0,345,3201,604.6875,143771.0,0
2026-02-23T19:55:38+00:00,0,,,30,75.959,700.0,0,0,345,3201,604.6875,143771.0,0
2026-02-23T19:55:39+00:00,0,,,30,75.823,700.0,0,0,345,3201,604.6875,143771.0,0
2026-02-23T19:55:40+00:00,0,,,30,75.919,700.0,0,0,345,3201,604.6875,143771.0,0
2026-02-23T19:55:41+00:00,0,,,30,75.898,700.0,0,0,345,3201,604.6875,143771.0,0
2026-02-23T19:55:42+00:00,0,,,30,75.899,700.0,0,0,345,3201,604.6875,143771.0,0
2026-02-23T19:55:43+00:00,0,,,30,75.941,700.0,0,0,345,3201,604.6875,143771.0,0
2026-02-23T19:55:44+00:00,0,,,30,75.869,700.0,0,0,345,3201,604.6875,143771.0,0
2026-02-23T19:55:45+00:00,0,,,30,75.848,700.0,0,0,345,3201,604.6875,143771.0,0
2026-02-23T19:55:46+00:00,0,,,30,75.86,700.0,0,0,345,3201,604.6875,143771.0,0
2026-02-23T19:55:47+00:00,0,,,30,75.842,700.0,0,0,345,3201,604.6875,143771.0,0
2026-02-23T19:55:48+00:00,0,,,30,75.916,700.0,0,0,345,3201,604.6875,143771.0,0
2026-02-23T19:55:49+00:00,0,,,30,75.87,700.0,0,0,345,3201,604.6875,143771.0,0
2026-02-23T19:55:50+00:00,0,,,30,75.902,700.0,0,0,345,3201,604.6875,143771.0,0
2026-02-23T19:55:51+00:00,0,,,30,75.849,700.0,0,0,345,3201,604.6875,143771.0,0
2026-02-23T19:55:52+00:00,0,,,30,75.861,700.0,0,0,345,3201,604.6875,143771.0,0
2026-02-23T19:55:53+00:00,0,,,30,75.867,700.0,0,0,345,3201,604.6875,143771.0,0
2026-02-23T19:55:54+00:00,0,,,30,75.873,700.0,0,0,345,3201,604.6875,143771.0,0
2026-02-23T19:55:55+00:00,0,,,30,75.892,700.0,0,0,345,3201,604.6875,143771.0,0
2026-02-23T19:55:56+00:00,0,,,30,75.916,700.0,0,0,345,3201,604.6875,143771.0,0
2026-02-23T19:55:57+00:00,0,,,29,75.835,700.0,0,0,345,3201,604.6875,143771.0,0
2026-02-23T19:55:58+00:00,0,,,30,75.836,700.0,0,0,345,3201,604.6875,143771.0,0
2026-02-23T19:55:59+00:00,0,,,29,75.819,700.0,0,0,345,3201,604.6875,143771.0,0
2026-02-23T19:56:00+00:00,0,,,29,75.84,700.0,0,0,345,3201,604.6875,143771.0,0
2026-02-23T19:56:01+00:00,0,,,29,75.834,700.0,0,0,345,3201,604.6875,143771.0,0
2026-02-23T19:56:02+00:00,0,,,29,75.867,700.0,0,0,345,3201,604.6875,143771.0,0
2026-02-23T19:56:03+00:00,0,,,29,75.906,700.0,0,0,345,3201,604.6875,143771.0,0
2026-02-23T19:56:04+00:00,0,,,29,75.905,700.0,0,0,345,3201,604.6875,143771.0,0
2026-02-23T19:56:05+00:00,0,,,29,75.804,700.0,0,0,345,3201,604.6875,143771.0,0
2026-02-23T19:56:06+00:00,0,,,29,75.842,700.0,0,0,345,3201,604.6875,143771.0,0
2026-02-23T19:56:07+00:00,0,,,29,75.871,700.0,0,0,345,3201,604.6875,143771.0,0
2026-02-23T19:56:08+00:00,0,,,29,75.783,700.0,0,0,345,3201,604.6875,143771.0,0
2026-02-23T19:56:09+00:00,0,,,29,75.772,700.0,0,0,345,3201,604.6875,143771.0,0
