ts_utc,gpu_index,gpu_name,gpu_uuid,temp_c,power_w,power_limit_w,util_gpu_pct,util_mem_pct,sm_clock_mhz,mem_clock_mhz,mem_used_mb,mem_total_mb,pstate,ts,iters_per_sec,perf_per_watt
2026-02-23T19:45:07+00:00,0,,,29.0,75.696,700.0,0,0,345.0,3201,604.6875,143771.0,0,2026-02-23 19:45:07+00:00,,
2026-02-23T19:45:08+00:00,0,,,29.0,75.707,700.0,0,0,345.0,3201,604.6875,143771.0,0,2026-02-23 19:45:08+00:00,,
2026-02-23T19:45:09+00:00,0,,,29.0,75.633,700.0,0,0,345.0,3201,604.6875,143771.0,0,2026-02-23 19:45:09+00:00,,
2026-02-23T19:45:10+00:00,0,,,29.0,75.683,700.0,0,0,345.0,3201,604.6875,143771.0,0,2026-02-23 19:45:10+00:00,,
2026-02-23T19:45:11+00:00,0,,,29.0,75.706,700.0,0,0,345.0,3201,604.6875,143771.0,0,2026-02-23 19:45:11+00:00,,
2026-02-23T19:45:12+00:00,0,,,29.0,75.666,700.0,0,0,345.0,3201,604.6875,143771.0,0,2026-02-23 19:45:12+00:00,,
2026-02-23T19:45:13+00:00,0,,,29.0,75.674,700.0,0,0,345.0,3201,604.6875,143771.0,0,2026-02-23 19:45:13+00:00,,
2026-02-23T19:45:14+00:00,0,,,29.0,75.718,700.0,0,0,345.0,3201,604.6875,143771.0,0,2026-02-23 19:45:14+00:00,,
2026-02-23T19:45:15+00:00,0,,,29.0,75.724,700.0,0,0,345.0,3201,604.6875,143771.0,0,2026-02-23 19:45:15+00:00,,
2026-02-23T19:45:16+00:00,0,,,29.0,75.718,700.0,0,0,345.0,3201,604.6875,143771.0,0,2026-02-23 19:45:16+00:00,,
2026-02-23T19:45:17+00:00,0,,,29.0,75.692,700.0,0,0,345.0,3201,604.6875,143771.0,0,2026-02-23 19:45:17+00:00,,
2026-02-23T19:45:18+00:00,0,,,29.0,75.768,700.0,0,0,345.0,3201,604.6875,143771.0,0,2026-02-23 19:45:18+00:00,,
2026-02-23T19:45:19+00:00,0,,,29.0,75.647,700.0,0,0,345.0,3201,604.6875,143771.0,0,2026-02-23 19:45:19+00:00,,
2026-02-23T19:45:20+00:00,0,,,29.0,75.668,700.0,0,0,345.0,3201,604.6875,143771.0,0,2026-02-23 19:45:20+00:00,,
2026-02-23T19:45:21+00:00,0,,,29.0,75.61,700.0,0,0,345.0,3201,604.6875,143771.0,0,2026-02-23 19:45:21+00:00,,
2026-02-23T19:45:22+00:00,0,,,29.0,75.645,700.0,0,0,345.0,3201,604.6875,143771.0,0,2026-02-23 19:45:22+00:00,,
2026-02-23T19:45:23+00:00,0,,,29.0,75.641,700.0,0,0,345.0,3201,604.6875,143771.0,0,2026-02-23 19:45:23+00:00,,
2026-02-23T19:45:24+00:00,0,,,29.0,75.705,700.0,0,0,345.0,3201,604.6875,143771.0,0,2026-02-23 19:45:24+00:00,,
2026-02-23T19:45:25+00:00,0,,,29.0,75.721,700.0,0,0,345.0,3201,604.6875,143771.0,0,2026-02-23 19:45:25+00:00,,
2026-02-23T19:45:26+00:00,0,,,29.0,75.699,700.0,0,0,345.0,3201,604.6875,143771.0,0,2026-02-23 19:45:26+00:00,,
2026-02-23T19:45:27+00:00,0,,,29.0,75.67,700.0,0,0,345.0,3201,604.6875,143771.0,0,2026-02-23 19:45:27+00:00,,
2026-02-23T19:45:28+00:00,0,,,29.0,75.682,700.0,0,0,345.0,3201,604.6875,143771.0,0,2026-02-23 19:45:28+00:00,,
2026-02-23T19:45:29+00:00,0,,,29.0,75.636,700.0,0,0,345.0,3201,604.6875,143771.0,0,2026-02-23 19:45:29+00:00,,
2026-02-23T19:45:30+00:00,0,,,29.0,75.713,700.0,0,0,345.0,3201,604.6875,143771.0,0,2026-02-23 19:45:30+00:00,,
2026-02-23T19:45:31+00:00,0,,,29.0,75.644,700.0,0,0,345.0,3201,604.6875,143771.0,0,2026-02-23 19:45:31+00:00,,
2026-02-23T19:45:32+00:00,0,,,29.0,75.706,700.0,0,0,345.0,3201,604.6875,143771.0,0,2026-02-23 19:45:32+00:00,,
2026-02-23T19:45:33+00:00,0,,,29.0,75.696,700.0,0,0,345.0,3201,604.6875,143771.0,0,2026-02-23 19:45:33+00:00,,
2026-02-23T19:45:34+00:00,0,,,29.0,75.72,700.0,0,0,345.0,3201,604.6875,143771.0,0,2026-02-23 19:45:34+00:00,,
2026-02-23T19:45:35+00:00,0,,,29.0,75.719,700.0,0,0,345.0,3201,604.6875,143771.0,0,2026-02-23 19:45:35+00:00,,
2026-02-23T19:45:36+00:00,0,,,29.0,75.671,700.0,0,0,345.0,3201,604.6875,143771.0,0,2026-02-23 19:45:36+00:00,,
2026-02-23T19:45:37+00:00,0,,,29.0,75.652,700.0,0,0,345.0,3201,604.6875,143771.0,0,2026-02-23 19:45:37+00:00,,
2026-02-23T19:45:38+00:00,0,,,29.0,75.684,700.0,0,0,345.0,3201,604.6875,143771.0,0,2026-02-23 19:45:38+00:00,,
2026-02-23T19:45:39+00:00,0,,,29.0,75.679,700.0,0,0,345.0,3201,604.6875,143771.0,0,2026-02-23 19:45:39+00:00,,
2026-02-23T19:45:40+00:00,0,,,29.0,75.656,700.0,0,0,345.0,3201,604.6875,143771.0,0,2026-02-23 19:45:40+00:00,,
2026-02-23T19:45:41+00:00,0,,,29.0,75.7,700.0,0,0,345.0,3201,604.6875,143771.0,0,2026-02-23 19:45:41+00:00,,
2026-02-23T19:45:42+00:00,0,,,29.0,75.678,700.0,0,0,345.0,3201,604.6875,143771.0,0,2026-02-23 19:45:42+00:00,,
2026-02-23T19:45:43+00:00,0,,,29.0,75.664,700.0,0,0,345.0,3201,604.6875,143771.0,0,2026-02-23 19:45:43+00:00,,
2026-02-23T19:45:44+00:00,0,,,29.0,75.645,700.0,0,0,345.0,3201,604.6875,143771.0,0,2026-02-23 19:45:44+00:00,,
2026-02-23T19:45:45+00:00,0,,,29.0,75.708,700.0,0,0,345.0,3201,604.6875,143771.0,0,2026-02-23 19:45:45+00:00,,
2026-02-23T19:45:46+00:00,0,,,29.0,75.688,700.0,0,0,345.0,3201,604.6875,143771.0,0,2026-02-23 19:45:46+00:00,,
2026-02-23T19:45:47+00:00,0,,,29.0,75.674,700.0,0,0,345.0,3201,604.6875,143771.0,0,2026-02-23 19:45:47+00:00,,
2026-02-23T19:45:48+00:00,0,,,29.0,75.671,700.0,0,0,345.0,3201,604.6875,143771.0,0,2026-02-23 19:45:48+00:00,,
2026-02-23T19:45:49+00:00,0,,,29.0,75.669,700.0,0,0,345.0,3201,604.6875,143771.0,0,2026-02-23 19:45:49+00:00,,
2026-02-23T19:45:50+00:00,0,,,29.0,75.665,700.0,0,0,345.0,3201,604.6875,143771.0,0,2026-02-23 19:45:50+00:00,,
2026-02-23T19:45:51+00:00,0,,,29.0,75.707,700.0,0,0,345.0,3201,604.6875,143771.0,0,2026-02-23 19:45:51+00:00,,
2026-02-23T19:45:52+00:00,0,,,29.0,75.702,700.0,0,0,345.0,3201,604.6875,143771.0,0,2026-02-23 19:45:52+00:00,,
2026-02-23T19:45:53+00:00,0,,,29.0,75.702,700.0,0,0,345.0,3201,604.6875,143771.0,0,2026-02-23 19:45:53+00:00,,
2026-02-23T19:45:54+00:00,0,,,29.0,75.716,700.0,0,0,345.0,3201,604.6875,143771.0,0,2026-02-23 19:45:54+00:00,,
2026-02-23T19:45:55+00:00,0,,,29.0,75.747,700.0,0,0,345.0,3201,604.6875,143771.0,0,2026-02-23 19:45:55+00:00,,
2026-02-23T19:45:56+00:00,0,,,29.0,75.707,700.0,0,0,345.0,3201,604.6875,143771.0,0,2026-02-23 19:45:56+00:00,,
2026-02-23T19:45:57+00:00,0,,,29.0,75.694,700.0,0,0,345.0,3201,604.6875,143771.0,0,2026-02-23 19:45:57+00:00,,
2026-02-23T19:45:58+00:00,0,,,29.0,75.681,700.0,0,0,345.0,3201,604.6875,143771.0,0,2026-02-23 19:45:58+00:00,,
2026-02-23T19:45:59+00:00,0,,,29.0,75.687,700.0,0,0,345.0,3201,604.6875,143771.0,0,2026-02-23 19:45:59+00:00,,
2026-02-23T19:46:00+00:00,0,,,29.0,75.715,700.0,0,0,345.0,3201,604.6875,143771.0,0,2026-02-23 19:46:00+00:00,,
2026-02-23T19:46:01+00:00,0,,,29.0,75.674,700.0,0,0,345.0,3201,604.6875,143771.0,0,2026-02-23 19:46:01+00:00,,
2026-02-23T19:46:02+00:00,0,,,29.0,75.684,700.0,0,0,345.0,3201,604.6875,143771.0,0,2026-02-23 19:46:02+00:00,,
2026-02-23T19:46:03+00:00,0,,,29.0,75.674,700.0,0,0,345.0,3201,604.6875,143771.0,0,2026-02-23 19:46:03+00:00,,
2026-02-23T19:46:04+00:00,0,,,29.0,75.624,700.0,0,0,345.0,3201,604.6875,143771.0,0,2026-02-23 19:46:04+00:00,,
2026-02-23T19:46:05+00:00,0,,,29.0,75.663,700.0,0,0,345.0,3201,604.6875,143771.0,0,2026-02-23 19:46:05+00:00,,
2026-02-23T19:46:06+00:00,0,,,29.0,75.731,700.0,0,0,345.0,3201,604.6875,143771.0,0,2026-02-23 19:46:06+00:00,,
2026-02-23T19:46:07+00:00,0,,,29.0,75.671,700.0,0,0,345.0,3201,604.6875,143771.0,0,2026-02-23 19:46:07+00:00,,
2026-02-23T19:46:08+00:00,0,,,29.0,75.722,700.0,0,0,345.0,3201,604.6875,143771.0,0,2026-02-23 19:46:08+00:00,,
2026-02-23T19:46:09+00:00,0,,,29.0,75.717,700.0,0,0,345.0,3201,604.6875,143771.0,0,2026-02-23 19:46:09+00:00,,
2026-02-23T19:46:10+00:00,0,,,29.0,75.656,700.0,0,0,345.0,3201,604.6875,143771.0,0,2026-02-23 19:46:10+00:00,,
2026-02-23T19:46:11+00:00,0,,,29.0,75.643,700.0,0,0,345.0,3201,604.6875,143771.0,0,2026-02-23 19:46:11+00:00,,
2026-02-23T19:46:12+00:00,0,,,29.0,75.639,700.0,0,0,345.0,3201,604.6875,143771.0,0,2026-02-23 19:46:12+00:00,,
2026-02-23T19:46:13+00:00,0,,,29.0,75.646,700.0,0,0,345.0,3201,604.6875,143771.0,0,2026-02-23 19:46:13+00:00,,
2026-02-23T19:46:14+00:00,0,,,29.0,75.621,700.0,0,0,345.0,3201,604.6875,143771.0,0,2026-02-23 19:46:14+00:00,,
2026-02-23T19:46:15+00:00,0,,,29.0,75.647,700.0,0,0,345.0,3201,604.6875,143771.0,0,2026-02-23 19:46:15+00:00,,
2026-02-23T19:46:16+00:00,0,,,29.0,75.705,700.0,0,0,345.0,3201,604.6875,143771.0,0,2026-02-23 19:46:16+00:00,,
2026-02-23T19:46:17+00:00,0,,,29.0,75.662,700.0,0,0,345.0,3201,604.6875,143771.0,0,2026-02-23 19:46:17+00:00,,
2026-02-23T19:46:18+00:00,0,,,29.0,75.618,700.0,0,0,345.0,3201,604.6875,143771.0,0,2026-02-23 19:46:18+00:00,,
2026-02-23T19:46:19+00:00,0,,,29.0,75.677,700.0,0,0,345.0,3201,604.6875,143771.0,0,2026-02-23 19:46:19+00:00,,
2026-02-23T19:46:20+00:00,0,,,29.0,75.662,700.0,0,0,345.0,3201,604.6875,143771.0,0,2026-02-23 19:46:20+00:00,,
2026-02-23T19:46:21+00:00,0,,,29.0,75.708,700.0,0,0,345.0,3201,604.6875,143771.0,0,2026-02-23 19:46:21+00:00,,
2026-02-23T19:46:22+00:00,0,,,29.0,75.701,700.0,0,0,345.0,3201,604.6875,143771.0,0,2026-02-23 19:46:22+00:00,,
2026-02-23T19:46:23+00:00,0,,,29.0,75.707,700.0,0,0,345.0,3201,604.6875,143771.0,0,2026-02-23 19:46:23+00:00,,
2026-02-23T19:46:24+00:00,0,,,29.0,75.686,700.0,0,0,345.0,3201,604.6875,143771.0,0,2026-02-23 19:46:24+00:00,,
2026-02-23T19:46:25+00:00,0,,,29.0,75.618,700.0,0,0,345.0,3201,604.6875,143771.0,0,2026-02-23 19:46:25+00:00,,
2026-02-23T19:46:26+00:00,0,,,29.0,75.69,700.0,0,0,345.0,3201,604.6875,143771.0,0,2026-02-23 19:46:26+00:00,,
2026-02-23T19:46:27+00:00,0,,,29.0,75.64,700.0,0,0,345.0,3201,604.6875,143771.0,0,2026-02-23 19:46:27+00:00,,
2026-02-23T19:46:28+00:00,0,,,29.0,75.707,700.0,0,0,345.0,3201,604.6875,143771.0,0,2026-02-23 19:46:28+00:00,,
2026-02-23T19:46:29+00:00,0,,,29.0,75.651,700.0,0,0,345.0,3201,604.6875,143771.0,0,2026-02-23 19:46:29+00:00,,
2026-02-23T19:46:30+00:00,0,,,29.0,75.671,700.0,0,0,345.0,3201,604.6875,143771.0,0,2026-02-23 19:46:30+00:00,,
2026-02-23T19:46:31+00:00,0,,,29.0,75.647,700.0,0,0,345.0,3201,604.6875,143771.0,0,2026-02-23 19:46:31+00:00,,
2026-02-23T19:46:32+00:00,0,,,29.0,75.684,700.0,0,0,345.0,3201,604.6875,143771.0,0,2026-02-23 19:46:32+00:00,,
2026-02-23T19:46:33+00:00,0,,,29.0,75.649,700.0,0,0,345.0,3201,604.6875,143771.0,0,2026-02-23 19:46:33+00:00,,
2026-02-23T19:46:34+00:00,0,,,29.0,75.654,700.0,0,0,345.0,3201,604.6875,143771.0,0,2026-02-23 19:46:34+00:00,,
2026-02-23T19:46:35+00:00,0,,,29.0,75.684,700.0,0,0,345.0,3201,604.6875,143771.0,0,2026-02-23 19:46:35+00:00,,
2026-02-23T19:46:36+00:00,0,,,29.0,75.655,700.0,0,0,345.0,3201,604.6875,143771.0,0,2026-02-23 19:46:36+00:00,,
2026-02-23T19:46:37+00:00,0,,,29.0,75.717,700.0,0,0,345.0,3201,604.6875,143771.0,0,2026-02-23 19:46:37+00:00,,
2026-02-23T19:46:38+00:00,0,,,29.0,75.7,700.0,0,0,345.0,3201,604.6875,143771.0,0,2026-02-23 19:46:38+00:00,,
2026-02-23T19:46:39+00:00,0,,,29.0,75.685,700.0,0,0,345.0,3201,604.6875,143771.0,0,2026-02-23 19:46:39+00:00,,
2026-02-23T19:46:40+00:00,0,,,29.0,75.659,700.0,0,0,345.0,3201,604.6875,143771.0,0,2026-02-23 19:46:40+00:00,,
2026-02-23T19:46:41+00:00,0,,,29.0,75.683,700.0,0,0,345.0,3201,604.6875,143771.0,0,2026-02-23 19:46:41+00:00,,
2026-02-23T19:46:42+00:00,0,,,29.0,75.645,700.0,0,0,345.0,3201,604.6875,143771.0,0,2026-02-23 19:46:42+00:00,,
2026-02-23T19:46:43+00:00,0,,,29.0,75.631,700.0,0,0,345.0,3201,604.6875,143771.0,0,2026-02-23 19:46:43+00:00,,
2026-02-23T19:46:44+00:00,0,,,29.0,75.711,700.0,0,0,345.0,3201,604.6875,143771.0,0,2026-02-23 19:46:44+00:00,,
2026-02-23T19:46:45+00:00,0,,,29.0,75.622,700.0,0,0,345.0,3201,604.6875,143771.0,0,2026-02-23 19:46:45+00:00,,
2026-02-23T19:46:46+00:00,0,,,29.0,75.621,700.0,0,0,345.0,3201,604.6875,143771.0,0,2026-02-23 19:46:46+00:00,,
2026-02-23T19:46:47+00:00,0,,,29.0,75.707,700.0,0,0,345.0,3201,604.6875,143771.0,0,2026-02-23 19:46:47+00:00,,
2026-02-23T19:46:48+00:00,0,,,29.0,75.707,700.0,0,0,345.0,3201,604.6875,143771.0,0,2026-02-23 19:46:48+00:00,,
2026-02-23T19:46:49+00:00,0,,,29.0,75.71,700.0,0,0,345.0,3201,604.6875,143771.0,0,2026-02-23 19:46:49+00:00,,
2026-02-23T19:46:50+00:00,0,,,29.0,75.659,700.0,0,0,345.0,3201,604.6875,143771.0,0,2026-02-23 19:46:50+00:00,,
2026-02-23T19:46:51+00:00,0,,,29.0,75.63,700.0,0,0,345.0,3201,604.6875,143771.0,0,2026-02-23 19:46:51+00:00,,
2026-02-23T19:46:52+00:00,0,,,29.0,75.684,700.0,0,0,345.0,3201,604.6875,143771.0,0,2026-02-23 19:46:52+00:00,,
2026-02-23T19:46:53+00:00,0,,,29.0,75.707,700.0,0,0,345.0,3201,604.6875,143771.0,0,2026-02-23 19:46:53+00:00,,
2026-02-23T19:46:54+00:00,0,,,29.0,75.651,700.0,0,0,345.0,3201,604.6875,143771.0,0,2026-02-23 19:46:54+00:00,,
2026-02-23T19:46:55+00:00,0,,,29.0,75.687,700.0,0,0,345.0,3201,604.6875,143771.0,0,2026-02-23 19:46:55+00:00,,
2026-02-23T19:46:56+00:00,0,,,29.0,75.645,700.0,0,0,345.0,3201,604.6875,143771.0,0,2026-02-23 19:46:56+00:00,,
2026-02-23T19:46:57+00:00,0,,,29.0,75.684,700.0,0,0,345.0,3201,604.6875,143771.0,0,2026-02-23 19:46:57+00:00,,
2026-02-23T19:46:58+00:00,0,,,29.0,75.635,700.0,0,0,345.0,3201,604.6875,143771.0,0,2026-02-23 19:46:58+00:00,,
2026-02-23T19:46:59+00:00,0,,,29.0,75.676,700.0,0,0,345.0,3201,604.6875,143771.0,0,2026-02-23 19:46:59+00:00,,
2026-02-23T19:47:00+00:00,0,,,29.0,75.675,700.0,0,0,345.0,3201,604.6875,143771.0,0,2026-02-23 19:47:00+00:00,,
2026-02-23T19:47:01+00:00,0,,,29.0,75.72,700.0,0,0,345.0,3201,604.6875,143771.0,0,2026-02-23 19:47:01+00:00,,
2026-02-23T19:47:02+00:00,0,,,29.0,75.663,700.0,0,0,345.0,3201,604.6875,143771.0,0,2026-02-23 19:47:02+00:00,,
2026-02-23T19:47:03+00:00,0,,,29.0,75.711,700.0,0,0,345.0,3201,604.6875,143771.0,0,2026-02-23 19:47:03+00:00,,
2026-02-23T19:47:04+00:00,0,,,29.0,75.65,700.0,0,0,345.0,3201,604.6875,143771.0,0,2026-02-23 19:47:04+00:00,,
2026-02-23T19:47:05+00:00,0,,,29.0,75.625,700.0,0,0,345.0,3201,604.6875,143771.0,0,2026-02-23 19:47:05+00:00,,
2026-02-23T19:47:06+00:00,0,,,29.0,75.71,700.0,0,0,345.0,3201,604.6875,143771.0,0,2026-02-23 19:47:06+00:00,,
2026-02-23T19:47:07+00:00,0,,,29.0,75.71,700.0,0,0,345.0,3201,604.6875,143771.0,0,2026-02-23 19:47:07+00:00,,
2026-02-23T19:47:08+00:00,0,,,29.0,75.642,700.0,0,0,345.0,3201,604.6875,143771.0,0,2026-02-23 19:47:08+00:00,,
2026-02-23T19:47:09+00:00,0,,,29.0,75.684,700.0,0,0,345.0,3201,604.6875,143771.0,0,2026-02-23 19:47:09+00:00,,
2026-02-23T19:47:10+00:00,0,,,29.0,75.681,700.0,0,0,345.0,3201,604.6875,143771.0,0,2026-02-23 19:47:10+00:00,,
2026-02-23T19:47:11+00:00,0,,,29.0,75.731,700.0,0,0,345.0,3201,604.6875,143771.0,0,2026-02-23 19:47:11+00:00,,
2026-02-23T19:47:12+00:00,0,,,29.0,75.701,700.0,0,0,345.0,3201,604.6875,143771.0,0,2026-02-23 19:47:12+00:00,,
2026-02-23T19:47:13+00:00,0,,,29.0,75.721,700.0,0,0,345.0,3201,604.6875,143771.0,0,2026-02-23 19:47:13+00:00,,
2026-02-23T19:47:14+00:00,0,,,29.0,75.709,700.0,0,0,345.0,3201,604.6875,143771.0,0,2026-02-23 19:47:14+00:00,,
2026-02-23T19:47:15+00:00,0,,,29.0,75.685,700.0,0,0,345.0,3201,604.6875,143771.0,0,2026-02-23 19:47:15+00:00,,
2026-02-23T19:47:16+00:00,0,,,29.0,75.667,700.0,0,0,345.0,3201,604.6875,143771.0,0,2026-02-23 19:47:16+00:00,,
2026-02-23T19:47:17+00:00,0,,,29.0,75.687,700.0,0,0,345.0,3201,604.6875,143771.0,0,2026-02-23 19:47:17+00:00,,
2026-02-23T19:47:18+00:00,0,,,29.0,75.63,700.0,0,0,345.0,3201,604.6875,143771.0,0,2026-02-23 19:47:18+00:00,,
2026-02-23T19:47:19+00:00,0,,,29.0,75.713,700.0,0,0,345.0,3201,604.6875,143771.0,0,2026-02-23 19:47:19+00:00,,
2026-02-23T19:47:20+00:00,0,,,29.0,75.631,700.0,0,0,345.0,3201,604.6875,143771.0,0,2026-02-23 19:47:20+00:00,,
2026-02-23T19:47:21+00:00,0,,,29.0,75.668,700.0,0,0,345.0,3201,604.6875,143771.0,0,2026-02-23 19:47:21+00:00,,
2026-02-23T19:47:22+00:00,0,,,29.0,75.707,700.0,0,0,345.0,3201,604.6875,143771.0,0,2026-02-23 19:47:22+00:00,,
2026-02-23T19:47:23+00:00,0,,,29.0,75.664,700.0,0,0,345.0,3201,604.6875,143771.0,0,2026-02-23 19:47:23+00:00,,
2026-02-23T19:47:24+00:00,0,,,29.0,75.669,700.0,0,0,345.0,3201,604.6875,143771.0,0,2026-02-23 19:47:24+00:00,,
2026-02-23T19:47:25+00:00,0,,,29.0,75.694,700.0,0,0,345.0,3201,604.6875,143771.0,0,2026-02-23 19:47:25+00:00,,
2026-02-23T19:47:26+00:00,0,,,29.0,75.669,700.0,0,0,345.0,3201,604.6875,143771.0,0,2026-02-23 19:47:26+00:00,,
2026-02-23T19:47:27+00:00,0,,,29.0,75.668,700.0,0,0,345.0,3201,604.6875,143771.0,0,2026-02-23 19:47:27+00:00,,
2026-02-23T19:47:28+00:00,0,,,29.0,75.66,700.0,0,0,345.0,3201,604.6875,143771.0,0,2026-02-23 19:47:28+00:00,,
2026-02-23T19:47:29+00:00,0,,,29.0,75.655,700.0,0,0,345.0,3201,604.6875,143771.0,0,2026-02-23 19:47:29+00:00,,
2026-02-23T19:47:30+00:00,0,,,29.0,75.666,700.0,0,0,345.0,3201,604.6875,143771.0,0,2026-02-23 19:47:30+00:00,,
2026-02-23T19:47:31+00:00,0,,,29.0,75.654,700.0,0,0,345.0,3201,604.6875,143771.0,0,2026-02-23 19:47:31+00:00,,
2026-02-23T19:47:32+00:00,0,,,29.0,75.709,700.0,0,0,345.0,3201,604.6875,143771.0,0,2026-02-23 19:47:32+00:00,,
2026-02-23T19:47:33+00:00,0,,,29.0,75.735,700.0,0,0,345.0,3201,604.6875,143771.0,0,2026-02-23 19:47:33+00:00,,
2026-02-23T19:47:34+00:00,0,,,29.0,75.74,700.0,0,0,345.0,3201,604.6875,143771.0,0,2026-02-23 19:47:34+00:00,,
2026-02-23T19:47:35+00:00,0,,,29.0,75.707,700.0,0,0,345.0,3201,604.6875,143771.0,0,2026-02-23 19:47:35+00:00,,
2026-02-23T19:47:36+00:00,0,,,29.0,75.673,700.0,0,0,345.0,3201,604.6875,143771.0,0,2026-02-23 19:47:36+00:00,,
2026-02-23T19:47:37+00:00,0,,,29.0,75.673,700.0,0,0,345.0,3201,604.6875,143771.0,0,2026-02-23 19:47:37+00:00,,
2026-02-23T19:47:38+00:00,0,,,29.0,75.682,700.0,0,0,345.0,3201,604.6875,143771.0,0,2026-02-23 19:47:38+00:00,,
2026-02-23T19:47:39+00:00,0,,,29.0,75.682,700.0,0,0,345.0,3201,604.6875,143771.0,0,2026-02-23 19:47:39+00:00,,
2026-02-23T19:47:40+00:00,0,,,29.0,75.664,700.0,0,0,345.0,3201,604.6875,143771.0,0,2026-02-23 19:47:40+00:00,,
2026-02-23T19:47:41+00:00,0,,,29.0,75.648,700.0,0,0,345.0,3201,604.6875,143771.0,0,2026-02-23 19:47:41+00:00,,
2026-02-23T19:47:42+00:00,0,,,29.0,75.683,700.0,0,0,345.0,3201,604.6875,143771.0,0,2026-02-23 19:47:42+00:00,,
2026-02-23T19:47:43+00:00,0,,,29.0,75.667,700.0,0,0,345.0,3201,604.6875,143771.0,0,2026-02-23 19:47:43+00:00,,
2026-02-23T19:47:44+00:00,0,,,29.0,75.673,700.0,0,0,345.0,3201,604.6875,143771.0,0,2026-02-23 19:47:44+00:00,,
2026-02-23T19:47:45+00:00,0,,,29.0,75.656,700.0,0,0,345.0,3201,604.6875,143771.0,0,2026-02-23 19:47:45+00:00,,
2026-02-23T19:47:46+00:00,0,,,29.0,75.661,700.0,0,0,345.0,3201,604.6875,143771.0,0,2026-02-23 19:47:46+00:00,,
2026-02-23T19:47:47+00:00,0,,,29.0,75.714,700.0,0,0,345.0,3201,604.6875,143771.0,0,2026-02-23 19:47:47+00:00,,
2026-02-23T19:47:48+00:00,0,,,29.0,75.675,700.0,0,0,345.0,3201,604.6875,143771.0,0,2026-02-23 19:47:48+00:00,,
2026-02-23T19:47:49+00:00,0,,,29.0,75.617,700.0,0,0,345.0,3201,604.6875,143771.0,0,2026-02-23 19:47:49+00:00,,
2026-02-23T19:47:50+00:00,0,,,29.0,75.714,700.0,0,0,345.0,3201,604.6875,143771.0,0,2026-02-23 19:47:50+00:00,,
2026-02-23T19:47:51+00:00,0,,,29.0,75.678,700.0,0,0,345.0,3201,604.6875,143771.0,0,2026-02-23 19:47:51+00:00,,
2026-02-23T19:47:52+00:00,0,,,29.0,75.644,700.0,0,0,345.0,3201,604.6875,143771.0,0,2026-02-23 19:47:52+00:00,,
2026-02-23T19:47:53+00:00,0,,,29.0,75.668,700.0,0,0,345.0,3201,604.6875,143771.0,0,2026-02-23 19:47:53+00:00,,
2026-02-23T19:47:54+00:00,0,,,29.0,75.685,700.0,0,0,345.0,3201,604.6875,143771.0,0,2026-02-23 19:47:54+00:00,,
2026-02-23T19:47:55+00:00,0,,,29.0,75.668,700.0,0,0,345.0,3201,604.6875,143771.0,0,2026-02-23 19:47:55+00:00,,
2026-02-23T19:47:56+00:00,0,,,29.0,75.667,700.0,0,0,345.0,3201,604.6875,143771.0,0,2026-02-23 19:47:56+00:00,,
2026-02-23T19:47:57+00:00,0,,,29.0,75.647,700.0,0,0,345.0,3201,604.6875,143771.0,0,2026-02-23 19:47:57+00:00,,
2026-02-23T19:47:58+00:00,0,,,29.0,75.643,700.0,0,0,345.0,3201,604.6875,143771.0,0,2026-02-23 19:47:58+00:00,,
2026-02-23T19:47:59+00:00,0,,,29.0,75.666,700.0,0,0,345.0,3201,604.6875,143771.0,0,2026-02-23 19:47:59+00:00,,
2026-02-23T19:48:00+00:00,0,,,29.0,75.663,700.0,0,0,345.0,3201,604.6875,143771.0,0,2026-02-23 19:48:00+00:00,,
2026-02-23T19:48:01+00:00,0,,,29.0,75.669,700.0,0,0,345.0,3201,604.6875,143771.0,0,2026-02-23 19:48:01+00:00,,
2026-02-23T19:48:02+00:00,0,,,29.0,75.687,700.0,0,0,345.0,3201,604.6875,143771.0,0,2026-02-23 19:48:02+00:00,,
2026-02-23T19:48:03+00:00,0,,,29.0,75.684,700.0,0,0,345.0,3201,604.6875,143771.0,0,2026-02-23 19:48:03+00:00,,
2026-02-23T19:48:04+00:00,0,,,29.0,75.721,700.0,0,0,345.0,3201,604.6875,143771.0,0,2026-02-23 19:48:04+00:00,,
2026-02-23T19:48:05+00:00,0,,,29.0,75.692,700.0,0,0,345.0,3201,604.6875,143771.0,0,2026-02-23 19:48:05+00:00,,
2026-02-23T19:48:06+00:00,0,,,29.0,75.69,700.0,0,0,345.0,3201,604.6875,143771.0,0,2026-02-23 19:48:06+00:00,,
2026-02-23T19:48:07+00:00,0,,,29.0,75.646,700.0,0,0,345.0,3201,604.6875,143771.0,0,2026-02-23 19:48:07+00:00,,
2026-02-23T19:48:08+00:00,0,,,29.0,75.625,700.0,0,0,345.0,3201,604.75,143771.0,0,2026-02-23 19:48:08+00:00,,
2026-02-23T19:48:09+00:00,0,,,46.0,421.861,700.0,100,24,1500.0,3201,1741.5625,143771.0,0,2026-02-23 19:48:09+00:00,1128.7594,2.6756666295296316
2026-02-23T19:48:10+00:00,0,,,47.04983388704319,693.838,700.0,100,24,1484.5066445182724,3201,1741.5625,143771.0,0,2026-02-23 19:48:10+00:00,1128.0093937541528,1.6257532648170796
2026-02-23T19:48:11+00:00,0,,,49.09966777408638,692.622,700.0,100,24,1469.0232558139535,3201,1741.5625,143771.0,0,2026-02-23 19:48:11+00:00,613.8296940199335,0.8862405381578026
2026-02-23T19:48:12+00:00,0,,,50.14950166112957,689.311,700.0,100,24,1453.5498338870432,3201,1741.5625,143771.0,0,2026-02-23 19:48:12+00:00,612.9583157475083,0.8892333297270874
2026-02-23T19:48:13+00:00,0,,,51.199335548172755,691.708,700.0,100,24,1468.046511627907,3201,1741.5625,143771.0,0,2026-02-23 19:48:13+00:00,612.0406788704319,0.8848252136312316
2026-02-23T19:48:14+00:00,0,,,52.24916943521595,690.796,700.0,100,24,1497.5083056478406,3201,1741.5625,143771.0,0,2026-02-23 19:48:14+00:00,612.2171760797341,0.8862488724308394
2026-02-23T19:48:15+00:00,0,,,53.29900332225914,693.817,700.0,100,24,1467.0697674418604,3201,1741.5625,143771.0,0,2026-02-23 19:48:15+00:00,607.5853373421927,0.8757141109863158
2026-02-23T19:48:16+00:00,0,,,53.348837209302324,691.458,700.0,100,24,1496.5116279069766,3201,1741.5625,143771.0,0,2026-02-23 19:48:16+00:00,607.3229423255814,0.8783222441935467
2026-02-23T19:48:17+00:00,0,,,54.39867109634552,690.926,700.0,100,24,1436.172757475083,3201,1741.5625,143771.0,0,2026-02-23 19:48:17+00:00,606.705254152824,0.8781045352944077
2026-02-23T19:48:18+00:00,0,,,54.4485049833887,693.303,700.0,100,24,1420.7392026578073,3201,1741.5625,143771.0,0,2026-02-23 19:48:18+00:00,606.7476800000001,0.8751551341909671
2026-02-23T19:48:19+00:00,0,,,55.498338870431894,693.04,700.0,100,24,1450.1661129568106,3201,1741.5625,143771.0,0,2026-02-23 19:48:19+00:00,604.9267671096346,0.8728598163304205
2026-02-23T19:48:20+00:00,0,,,55.548172757475086,691.724,700.0,100,24,1434.7375415282393,3201,1741.5625,143771.0,0,2026-02-23 19:48:20+00:00,606.1477646511627,0.8762855772694927
2026-02-23T19:48:21+00:00,0,,,55.59800664451827,692.441,700.0,100,24,1434.2591362126245,3201,1741.5625,143771.0,0,2026-02-23 19:48:21+00:00,603.9466735548173,0.8721994705033602
2026-02-23T19:48:22+00:00,0,,,55.647840531561464,690.808,700.0,100,24,1448.7159468438538,3201,1741.5625,143771.0,0,2026-02-23 19:48:22+00:00,605.5422277740864,0.8765709542652755
2026-02-23T19:48:23+00:00,0,,,56.69767441860465,692.963,700.0,100,24,1418.3720930232557,3201,1741.5625,143771.0,0,2026-02-23 19:48:23+00:00,601.7153902325582,0.8683225370366935
2026-02-23T19:48:24+00:00,0,,,56.74750830564784,693.516,700.0,100,24,1447.749169435216,3201,1741.5625,143771.0,0,2026-02-23 19:48:24+00:00,602.7558877076413,0.8691304709734762
2026-02-23T19:48:25+00:00,0,,,57.79734219269103,693.251,700.0,100,24,1447.265780730897,3201,1741.5625,143771.0,0,2026-02-23 19:48:25+00:00,602.7983503654485,0.8695239536119653
2026-02-23T19:48:26+00:00,0,,,56.84717607973422,691.302,700.0,100,24,1431.8671096345515,3201,1741.5625,143771.0,0,2026-02-23 19:48:26+00:00,601.6422984717608,0.870303135925776
2026-02-23T19:48:27+00:00,0,,,57.89700996677741,691.364,700.0,100,24,1446.2990033222593,3201,1741.5625,143771.0,0,2026-02-23 19:48:27+00:00,601.4964401993356,0.8700141173091679
2026-02-23T19:48:28+00:00,0,,,57.946843853820596,693.473,700.0,100,24,1445.8156146179401,3201,1741.5625,143771.0,0,2026-02-23 19:48:28+00:00,599.8519908305648,0.8649968936506033
2026-02-23T19:48:29+00:00,0,,,58.99667774086379,692.04,700.0,100,24,1430.4318936877075,3201,1741.5625,143771.0,0,2026-02-23 19:48:29+00:00,597.9480279069768,0.8640368012065441
2026-02-23T19:48:30+00:00,0,,,59.04651162790698,693.118,700.0,100,24,1444.8488372093022,3201,1741.5625,143771.0,0,2026-02-23 19:48:30+00:00,599.9704520930233,0.8656108369614167
2026-02-23T19:48:31+00:00,0,,,59.096345514950166,692.67,700.0,100,24,1429.4750830564783,3201,1741.5625,143771.0,0,2026-02-23 19:48:31+00:00,598.7107491694352,0.8643520712163587
2026-02-23T19:48:32+00:00,0,,,59.14617940199336,691.388,700.0,100,24,1428.9966777408638,3201,1741.5625,143771.0,0,2026-02-23 19:48:32+00:00,597.7942907641196,0.8646292541440112
2026-02-23T19:48:33+00:00,0,,,59.19601328903654,690.826,700.0,100,24,1428.518272425249,3201,1741.5625,143771.0,0,2026-02-23 19:48:33+00:00,598.324492026578,0.8661001352389429
2026-02-23T19:48:34+00:00,0,,,59.245847176079735,692.611,700.0,100,24,1442.9152823920265,3201,1741.5625,143771.0,0,2026-02-23 19:48:34+00:00,596.1782219269103,0.8607692080069624
2026-02-23T19:48:35+00:00,0,,,60.29568106312292,690.524,700.0,100,24,1412.6910299003323,3201,1741.5625,143771.0,0,2026-02-23 19:48:35+00:00,596.2469099003323,0.863470219572864
2026-02-23T19:48:36+00:00,0,,,60.34551495016611,694.803,700.0,100,24,1427.0830564784053,3201,1741.5625,143771.0,0,2026-02-23 19:48:36+00:00,596.337547641196,0.8582829199660854
2026-02-23T19:48:37+00:00,0,,,60.395348837209305,692.257,700.0,100,24,1411.7441860465117,3201,1741.5625,143771.0,0,2026-02-23 19:48:37+00:00,594.2226162790697,0.8583844096615415
2026-02-23T19:48:38+00:00,0,,,60.44518272425249,692.095,700.0,100,24,1426.126245847176,3201,1741.5625,143771.0,0,2026-02-23 19:48:38+00:00,595.1114312292358,0.8598695717050922
2026-02-23T19:48:39+00:00,0,,,60.49501661129568,692.54,700.0,100,24,1425.6478405315615,3201,1741.5625,143771.0,0,2026-02-23 19:48:39+00:00,593.9601544850499,0.8576546545832009
2026-02-23T19:48:40+00:00,0,,,61.54485049833887,692.098,700.0,100,23,1425.169435215947,3201,1741.5625,143771.0,0,2026-02-23 19:48:40+00:00,594.701802923588,0.8592739798750871
2026-02-23T19:48:41+00:00,0,,,60.59468438538206,693.148,700.0,100,24,1424.691029900332,3201,1741.5625,143771.0,0,2026-02-23 19:48:41+00:00,592.6534754152824,0.8550172191440824
2026-02-23T19:48:42+00:00,0,,,61.64451827242525,691.402,700.0,100,23,1439.048172757475,3201,1741.5625,143771.0,0,2026-02-23 19:48:42+00:00,592.2619875083057,0.8566101739773758
2026-02-23T19:48:43+00:00,0,,,61.69435215946844,692.599,700.0,100,24,1423.734219269103,3201,1741.5625,143771.0,0,2026-02-23 19:48:43+00:00,592.7380327574751,0.8558170496311359
2026-02-23T19:48:44+00:00,0,,,61.74418604651163,692.263,700.0,100,24,1408.4302325581396,3201,1741.5625,143771.0,0,2026-02-23 19:48:44+00:00,594.3252976744186,0.8585252969961107
2026-02-23T19:48:45+00:00,0,,,61.794019933554814,691.636,700.0,100,23,1422.7774086378738,3201,1741.5625,143771.0,0,2026-02-23 19:48:45+00:00,591.295633089701,0.8549231576865592
2026-02-23T19:48:46+00:00,0,,,61.84385382059801,693.497,700.0,100,24,1437.1146179401994,3201,1741.5625,143771.0,0,2026-02-23 19:48:46+00:00,590.9875375415282,0.852184706698844
2026-02-23T19:48:47+00:00,0,,,62.8936877076412,690.651,700.0,100,24,1436.6312292358805,3201,1741.5625,143771.0,0,2026-02-23 19:48:47+00:00,590.6132252491694,0.8551543764494216
2026-02-23T19:48:48+00:00,0,,,61.943521594684384,693.02,700.0,100,24,1450.953488372093,3201,1741.5625,143771.0,0,2026-02-23 19:48:48+00:00,593.3209811295682,0.8561383237562671
2026-02-23T19:48:49+00:00,0,,,61.993355481727576,693.085,700.0,100,24,1420.8637873754153,3201,1741.5625,143771.0,0,2026-02-23 19:48:49+00:00,591.5971760797343,0.8535708839171735
2026-02-23T19:48:50+00:00,0,,,63.04318936877076,691.737,700.0,100,24,1479.5681063122925,3201,1741.5625,143771.0,0,2026-02-23 19:48:50+00:00,590.3595077740863,0.8534450344192754
2026-02-23T19:48:51+00:00,0,,,63.093023255813954,692.233,700.0,100,24,1434.6976744186047,3201,1741.5625,143771.0,0,2026-02-23 19:48:51+00:00,592.9997827906976,0.8566476645734856
2026-02-23T19:48:52+00:00,0,,,63.142857142857146,691.239,700.0,100,24,1419.4285714285716,3201,1741.5625,143771.0,0,2026-02-23 19:48:52+00:00,589.8160685714286,0.8532737136814164
2026-02-23T19:48:53+00:00,0,,,63.19269102990033,691.835,700.0,100,24,1418.9501661129568,3201,1741.5625,143771.0,0,2026-02-23 19:48:53+00:00,589.4803969435216,0.8520534476334987
2026-02-23T19:48:54+00:00,0,,,63.24252491694352,691.568,700.0,100,24,1418.471760797342,3201,1741.5625,143771.0,0,2026-02-23 19:48:54+00:00,588.873780730897,0.8515052471064263
2026-02-23T19:48:55+00:00,0,,,63.29235880398671,694.532,700.0,100,24,1432.764119601329,3201,1741.5625,143771.0,0,2026-02-23 19:48:55+00:00,587.6364374086379,0.8460897948671017
2026-02-23T19:48:56+00:00,0,,,63.3421926910299,691.129,700.0,100,24,1432.28073089701,3201,1741.5625,143771.0,0,2026-02-23 19:48:56+00:00,588.055866578073,0.8508626704682817
2026-02-23T19:48:57+00:00,0,,,63.39202657807309,689.824,700.0,100,24,1417.0365448504983,3201,1741.5625,143771.0,0,2026-02-23 19:48:57+00:00,587.3215405315614,0.8514078091390868
2026-02-23T19:48:58+00:00,0,,,63.44186046511628,692.983,700.0,100,24,1416.5581395348838,3201,1741.5625,143771.0,0,2026-02-23 19:48:58+00:00,586.2637693023255,0.8460002183348301
2026-02-23T19:48:59+00:00,0,,,63.49169435215947,692.076,700.0,100,24,1430.8305647840532,3201,1741.5625,143771.0,0,2026-02-23 19:48:59+00:00,585.739011627907,0.8463507066101222
2026-02-23T19:49:00+00:00,0,,,63.541528239202655,691.915,700.0,100,24,1415.6013289036546,3201,1741.5625,143771.0,0,2026-02-23 19:49:00+00:00,587.3786114285715,0.8489172968190768
2026-02-23T19:49:01+00:00,0,,,63.59136212624585,691.744,700.0,100,24,1429.8637873754153,3201,1741.5625,143771.0,0,2026-02-23 19:49:01+00:00,586.287623986711,0.8475499953548002
2026-02-23T19:49:02+00:00,0,,,63.64119601328903,691.829,700.0,100,24,1414.6445182724253,3201,1741.5625,143771.0,0,2026-02-23 19:49:02+00:00,584.0404201993356,0.84419765606723
2026-02-23T19:49:03+00:00,0,,,64.69102990033223,692.048,700.0,100,24,1428.8970099667774,3201,1741.5625,143771.0,0,2026-02-23 19:49:03+00:00,584.0726207973422,0.8439770374270892
2026-02-23T19:49:04+00:00,0,,,63.74086378737542,690.259,700.0,100,24,1413.687707641196,3201,1741.5625,143771.0,0,2026-02-23 19:49:04+00:00,584.4348803986711,0.8466892577984076
2026-02-23T19:49:05+00:00,0,,,64.79069767441861,693.061,700.0,100,24,1427.9302325581396,3201,1741.5625,143771.0,0,2026-02-23 19:49:05+00:00,584.5115804651163,0.8433768174303795
2026-02-23T19:49:06+00:00,0,,,64.84053156146179,691.999,700.0,100,24,1442.1627906976744,3201,1741.5625,143771.0,0,2026-02-23 19:49:06+00:00,583.1333645182725,0.8426794901701773
2026-02-23T19:49:07+00:00,0,,,64.89036544850498,691.526,700.0,100,24,1412.252491694352,3201,1741.5625,143771.0,0,2026-02-23 19:49:07+00:00,583.7274916943521,0.844115032109208
2026-02-23T19:49:08+00:00,0,,,64.94019933554817,691.499,700.0,100,24,1411.7740863787376,3201,1741.5625,143771.0,0,2026-02-23 19:49:08+00:00,582.5472817275748,0.8424412497018431
2026-02-23T19:49:09+00:00,0,,,64.99003322259136,691.658,700.0,100,24,1411.2956810631229,3201,1741.5625,143771.0,0,2026-02-23 19:49:09+00:00,581.5579644518272,0.8408172311342125
2026-02-23T19:49:10+00:00,0,,,65.03986710963456,690.673,700.0,100,24,1410.8172757475083,3201,1741.5625,143771.0,0,2026-02-23 19:49:10+00:00,581.4632037209302,0.8418791580399555
2026-02-23T19:49:11+00:00,0,,,65.08970099667773,692.559,700.0,100,24,1410.3388704318936,3201,1741.5625,143771.0,0,2026-02-23 19:49:11+00:00,580.9919738870432,0.8389061060314619
2026-02-23T19:49:12+00:00,0,,,65.13953488372093,692.481,700.0,100,24,1424.546511627907,3201,1741.5625,143771.0,0,2026-02-23 19:49:12+00:00,580.4386306976744,0.8382015256702703
2026-02-23T19:49:13+00:00,0,,,65.18936877076412,691.182,700.0,100,24,1424.063122923588,3201,1741.5625,143771.0,0,2026-02-23 19:49:13+00:00,580.2108465780731,0.8394472752156061
2026-02-23T19:49:14+00:00,0,,,65.23920265780731,691.887,700.0,100,23,1438.2558139534883,3201,1741.5625,143771.0,0,2026-02-23 19:49:14+00:00,580.3076571428572,0.8387318408105041
2026-02-23T19:49:15+00:00,0,,,65.2890365448505,692.539,700.0,100,24,1408.4252491694353,3201,1741.5625,143771.0,0,2026-02-23 19:49:15+00:00,579.2559205315615,0.8364235379257507
2026-02-23T19:49:16+00:00,0,,,65.33887043189368,692.621,700.0,100,24,1437.279069767442,3201,1741.5625,143771.0,0,2026-02-23 19:49:16+00:00,578.7415885714286,0.8355819251386091
2026-02-23T19:49:17+00:00,0,,,65.38870431893687,693.03,700.0,100,24,1451.451827242525,3201,1741.5625,143771.0,0,2026-02-23 19:49:17+00:00,579.0445447176079,0.8355259436353519
2026-02-23T19:49:18+00:00,0,,,65.43853820598007,691.251,700.0,100,24,1406.9900332225914,3201,1741.5625,143771.0,0,2026-02-23 19:49:18+00:00,578.1819755481728,0.8364284110231635
2026-02-23T19:49:19+00:00,0,,,65.48837209302326,692.641,700.0,100,24,1421.1627906976744,3201,1741.5625,143771.0,0,2026-02-23 19:49:19+00:00,578.0535651162791,0.834564464298647
2026-02-23T19:49:20+00:00,0,,,65.53820598006645,691.92,700.0,100,24,1420.6794019933554,3201,1741.5625,143771.0,0,2026-02-23 19:49:20+00:00,577.0627526910299,0.8340021284122875
2026-02-23T19:49:21+00:00,0,,,65.58803986710963,692.757,700.0,100,24,1449.4784053156145,3201,1741.5625,143771.0,0,2026-02-23 19:49:21+00:00,576.6289166777409,0.8323682282210659
2026-02-23T19:49:22+00:00,0,,,65.63787375415282,693.42,700.0,100,24,1419.7126245847176,3201,1741.5625,143771.0,0,2026-02-23 19:49:22+00:00,577.1547072425249,0.8323306325784156
2026-02-23T19:49:23+00:00,0,,,65.68770764119601,692.371,700.0,100,24,1404.5980066445184,3201,1741.5625,143771.0,0,2026-02-23 19:49:23+00:00,575.4435135548173,0.8311201849222705
2026-02-23T19:49:24+00:00,0,,,65.7375415282392,692.023,700.0,100,24,1404.1196013289036,3201,1741.5625,143771.0,0,2026-02-23 19:49:24+00:00,575.742419269103,0.831970063522604
2026-02-23T19:49:25+00:00,0,,,65.7873754152824,691.664,700.0,100,24,1418.2624584717607,3201,1741.5625,143771.0,0,2026-02-23 19:49:25+00:00,575.611264717608,0.8322122659522659
2026-02-23T19:49:26+00:00,0,,,65.83720930232558,691.774,700.0,100,23,1417.7790697674418,3201,1741.5625,143771.0,0,2026-02-23 19:49:26+00:00,574.3991944186047,0.8303278157586216
2026-02-23T19:49:27+00:00,0,,,65.88704318936877,691.489,700.0,100,24,1417.2956810631229,3201,1741.5625,143771.0,0,2026-02-23 19:49:27+00:00,574.8729708970101,0.8313551927753153
2026-02-23T19:49:28+00:00,0,,,66.93687707641196,693.809,700.0,100,24,1416.8122923588041,3201,1741.5625,143771.0,0,2026-02-23 19:49:28+00:00,573.721585116279,0.8269157435494193
2026-02-23T19:49:29+00:00,0,,,65.98671096345515,693.244,700.0,100,24,1401.7275747508306,3201,1741.5625,143771.0,0,2026-02-23 19:49:29+00:00,573.1102873754153,0.8267078941547497
2026-02-23T19:49:30+00:00,0,,,67.03654485049834,693.309,700.0,100,24,1401.2491694352161,3201,1741.5625,143771.0,0,2026-02-23 19:49:30+00:00,572.4008802657808,0.825607168327226
2026-02-23T19:49:31+00:00,0,,,67.08637873754152,692.598,700.0,100,24,1415.362126245847,3201,1741.5625,143771.0,0,2026-02-23 19:49:31+00:00,572.336367641196,0.8263615656429791
2026-02-23T19:49:32+00:00,0,,,67.13621262458472,691.559,700.0,100,24,1385.7059800664451,3201,1741.5625,143771.0,0,2026-02-23 19:49:32+00:00,572.6038736212624,0.8279899092069692
2026-02-23T19:49:33+00:00,0,,,67.18604651162791,689.937,700.0,100,24,1414.3953488372092,3201,1741.5625,143771.0,0,2026-02-23 19:49:33+00:00,572.9161362790697,0.8303890591156435
2026-02-23T19:49:34+00:00,0,,,67.2358803986711,691.553,700.0,100,24,1413.9119601328903,3201,1741.5625,143771.0,0,2026-02-23 19:49:34+00:00,570.8988757475083,0.825531630616176
2026-02-23T19:49:35+00:00,0,,,67.28571428571429,693.0,700.0,100,24,1413.4285714285713,3201,1741.5625,143771.0,0,2026-02-23 19:49:35+00:00,570.8890628571428,0.8237937414965986
2026-02-23T19:49:36+00:00,0,,,67.33554817275747,690.652,700.0,100,24,1398.3787375415282,3201,1741.5625,143771.0,0,2026-02-23 19:49:36+00:00,571.0900309634551,0.8268853647907413
2026-02-23T19:49:37+00:00,0,,,67.38538205980066,693.096,700.0,100,24,1412.4617940199337,3201,1741.5625,143771.0,0,2026-02-23 19:49:37+00:00,569.9493178073091,0.8223237730520867
2026-02-23T19:49:38+00:00,0,,,67.43521594684385,691.089,700.0,100,24,1397.4219269102991,3201,1741.5625,143771.0,0,2026-02-23 19:49:38+00:00,569.1996342857143,0.8236271077758642
2026-02-23T19:49:39+00:00,0,,,67.48504983388705,693.135,700.0,100,24,1396.9435215946844,3201,1741.5625,143771.0,0,2026-02-23 19:49:39+00:00,569.7938923588041,0.8220532686400256
2026-02-23T19:49:40+00:00,0,,,67.53488372093024,691.198,700.0,100,24,1425.5581395348838,3201,1741.5625,143771.0,0,2026-02-23 19:49:40+00:00,568.6300000000001,0.8226730980124366
2026-02-23T19:49:41+00:00,0,,,67.58471760797342,691.259,700.0,100,24,1410.528239202658,3201,1741.5625,143771.0,0,2026-02-23 19:49:41+00:00,568.2821238538205,0.8220972513252204
2026-02-23T19:49:42+00:00,0,,,67.63455149501661,691.648,700.0,100,23,1424.5813953488373,3201,1741.5625,143771.0,0,2026-02-23 19:49:42+00:00,568.3124555481727,0.8216787376644951
2026-02-23T19:49:43+00:00,0,,,67.6843853820598,692.502,700.0,100,24,1409.56146179402,3201,1741.5625,143771.0,0,2026-02-23 19:49:43+00:00,567.6452062458472,0.819701901576959
2026-02-23T19:49:44+00:00,0,,,67.734219269103,693.232,700.0,100,24,1409.0780730897009,3201,1741.5625,143771.0,0,2026-02-23 19:49:44+00:00,567.6333966777408,0.81882168837812
2026-02-23T19:49:45+00:00,0,,,67.78405315614619,692.419,700.0,100,24,1408.594684385382,3201,1741.5625,143771.0,0,2026-02-23 19:49:45+00:00,566.1089562126245,0.8175814878168054
2026-02-23T19:49:46+00:00,0,,,67.83388704318936,691.526,700.0,100,24,1408.111295681063,3201,1741.5625,143771.0,0,2026-02-23 19:49:46+00:00,567.2988236544851,0.820357909398179
2026-02-23T19:49:47+00:00,0,,,67.88372093023256,690.864,700.0,100,24,1393.1162790697674,3201,1741.5625,143771.0,0,2026-02-23 19:49:47+00:00,566.6092772093024,0.8201459002195836
2026-02-23T19:49:48+00:00,0,,,67.93355481727575,691.907,700.0,100,24,1407.1445182724253,3201,1741.5625,143771.0,0,2026-02-23 19:49:48+00:00,565.3012179401993,0.8170190761767105
2026-02-23T19:49:49+00:00,0,,,67.98338870431894,693.625,700.0,100,24,1421.1627906976744,3201,1741.5625,143771.0,0,2026-02-23 19:49:49+00:00,565.6828737541529,0.815545682110871
2026-02-23T19:49:50+00:00,0,,,68.03322259136213,692.082,700.0,100,24,1391.6810631229237,3201,1741.5625,143771.0,0,2026-02-23 19:49:50+00:00,564.8256550166113,0.8161253363280816
2026-02-23T19:49:51+00:00,0,,,68.08305647840531,694.259,700.0,100,24,1405.6943521594685,3201,1741.5625,143771.0,0,2026-02-23 19:49:51+00:00,563.9906182724253,0.8123634238409949
2026-02-23T19:49:52+00:00,0,,,68.1328903654485,694.197,700.0,100,24,1390.7242524916944,3201,1741.5625,143771.0,0,2026-02-23 19:49:52+00:00,564.4133405980066,0.8130449146251087
2026-02-23T19:49:53+00:00,0,,,68.1827242524917,693.334,700.0,100,24,1404.7275747508306,3201,1741.5625,143771.0,0,2026-02-23 19:49:53+00:00,563.2421216611295,0.8123676635807988
2026-02-23T19:49:54+00:00,0,,,68.23255813953489,692.584,700.0,100,24,1375.2906976744187,3201,1741.5625,143771.0,0,2026-02-23 19:49:54+00:00,563.0657674418604,0.8129927452003807
2026-02-23T19:49:55+00:00,0,,,68.28239202657807,692.862,700.0,100,24,1403.7607973421927,3201,1741.5625,143771.0,0,2026-02-23 19:49:55+00:00,562.43481089701,0.8117558920780907
2026-02-23T19:49:56+00:00,0,,,68.33222591362126,692.553,700.0,100,24,1403.2774086378736,3201,1741.5625,143771.0,0,2026-02-23 19:49:56+00:00,561.7627522923589,0.8111476699867863
2026-02-23T19:49:57+00:00,0,,,68.38205980066445,693.944,700.0,100,24,1402.7940199335549,3201,1741.5625,143771.0,0,2026-02-23 19:49:57+00:00,562.3395617275748,0.8103529416315652
2026-02-23T19:49:58+00:00,0,,,68.43189368770764,691.312,700.0,100,24,1416.7674418604652,3201,1741.5625,143771.0,0,2026-02-23 19:49:58+00:00,561.0705804651163,0.811602547713791
2026-02-23T19:49:59+00:00,0,,,68.48172757475083,692.603,700.0,100,24,1387.375415282392,3201,1741.5625,143771.0,0,2026-02-23 19:49:59+00:00,560.6510561461794,0.8094840134192017
2026-02-23T19:50:00+00:00,0,,,68.53156146179401,691.417,700.0,100,24,1386.8970099667774,3201,1741.5625,143771.0,0,2026-02-23 19:50:00+00:00,560.2754611295682,0.8103293108638754
2026-02-23T19:50:01+00:00,0,,,68.5813953488372,692.901,700.0,100,24,1386.4186046511627,3201,1741.5625,143771.0,0,2026-02-23 19:50:01+00:00,559.6903693023256,0.8077494033091678
2026-02-23T19:50:02+00:00,0,,,68.6312292358804,690.846,700.0,100,24,1400.3770764119602,3201,1741.5625,143771.0,0,2026-02-23 19:50:02+00:00,559.4929881727575,0.8098664364746375
2026-02-23T19:50:03+00:00,0,,,68.68106312292359,691.789,700.0,100,24,1385.4617940199337,3201,1741.5625,143771.0,0,2026-02-23 19:50:03+00:00,559.6738871760797,0.8090239757730748
2026-02-23T19:50:04+00:00,0,,,68.73089700996678,691.3,700.0,100,24,1399.4102990033223,3201,1741.5625,143771.0,0,2026-02-23 19:50:04+00:00,558.8268259136213,0.8083709328997849
2026-02-23T19:50:05+00:00,0,,,68.78073089700996,693.321,700.0,100,24,1398.9269102990033,3201,1741.5625,143771.0,0,2026-02-23 19:50:05+00:00,558.2305168106312,0.8051544909365664
2026-02-23T19:50:06+00:00,0,,,68.83056478405315,691.557,700.0,100,24,1398.4435215946844,3201,1741.5625,143771.0,0,2026-02-23 19:50:06+00:00,558.1242070431894,0.8070545262981784
2026-02-23T19:50:07+00:00,0,,,68.88039867109634,693.682,700.0,100,24,1383.5481727574752,3201,1741.5625,143771.0,0,2026-02-23 19:50:07+00:00,558.2100846511628,0.8047060247363529
2026-02-23T19:50:08+00:00,0,,,68.93023255813954,691.688,700.0,100,24,1368.6627906976746,3201,1741.5625,143771.0,0,2026-02-23 19:50:08+00:00,557.3880502325582,0.8058373865565951
2026-02-23T19:50:09+00:00,0,,,68.98006644518273,691.573,700.0,100,24,1382.5913621262457,3201,1741.5625,143771.0,0,2026-02-23 19:50:09+00:00,557.4081122923589,0.8060003966209769
2026-02-23T19:50:10+00:00,0,,,69.0299003322259,693.408,700.0,100,24,1382.1129568106312,3201,1741.5625,143771.0,0,2026-02-23 19:50:10+00:00,556.5017100332226,0.8025602675960223
2026-02-23T19:50:11+00:00,0,,,69.0797342192691,692.981,700.0,100,24,1367.2425249169435,3201,1741.5625,143771.0,0,2026-02-23 19:50:11+00:00,556.640867242525,0.8032555975452791
2026-02-23T19:50:12+00:00,0,,,69.12956810631229,692.4,700.0,100,24,1395.5431893687708,3201,1741.5625,143771.0,0,2026-02-23 19:50:12+00:00,556.1360837209303,0.8032005830747115
2026-02-23T19:50:13+00:00,0,,,69.17940199335548,689.729,700.0,100,24,1409.4418604651162,3201,1741.5625,143771.0,0,2026-02-23 19:50:13+00:00,554.9945365448505,0.804655939571702
2026-02-23T19:50:14+00:00,0,,,69.22923588039868,693.061,700.0,100,24,1380.1993355481727,3201,1741.5625,143771.0,0,2026-02-23 19:50:14+00:00,555.824296345515,0.8019846685147699
2026-02-23T19:50:15+00:00,0,,,69.27906976744185,692.025,700.0,100,24,1379.7209302325582,3201,1741.5625,143771.0,0,2026-02-23 19:50:15+00:00,554.535574883721,0.8013230372944923
2026-02-23T19:50:16+00:00,0,,,69.32890365448505,692.42,700.0,100,24,1393.609634551495,3201,1741.5625,143771.0,0,2026-02-23 19:50:16+00:00,554.3695831229236,0.800626185151965
2026-02-23T19:50:17+00:00,0,,,69.37873754152824,691.175,700.0,100,24,1378.764119601329,3201,1741.5625,143771.0,0,2026-02-23 19:50:17+00:00,553.5218852491695,0.8008418783219439
2026-02-23T19:50:18+00:00,0,,,69.42857142857143,692.366,700.0,100,24,1378.2857142857144,3201,1741.5625,143771.0,0,2026-02-23 19:50:18+00:00,553.2356571428572,0.7990508735883294
2026-02-23T19:50:19+00:00,0,,,69.47840531561462,693.56,700.0,100,24,1377.8073089700997,3201,1741.5625,143771.0,0,2026-02-23 19:50:19+00:00,553.0940697674419,0.7974711196831448
2026-02-23T19:50:20+00:00,0,,,69.5282392026578,693.377,700.0,100,24,1391.6760797342195,3201,1741.5625,143771.0,0,2026-02-23 19:50:20+00:00,553.0209404651163,0.7975761244822316
2026-02-23T19:50:21+00:00,0,,,69.578073089701,692.375,700.0,100,24,1391.1926910299005,3201,1741.5625,143771.0,0,2026-02-23 19:50:21+00:00,552.3804336212626,0.7978052841614192
2026-02-23T19:50:22+00:00,0,,,70.62790697674419,692.718,700.0,100,24,1376.3720930232557,3201,1741.5625,143771.0,0,2026-02-23 19:50:22+00:00,552.6395032558139,0.7977842401320796
2026-02-23T19:50:23+00:00,0,,,69.67774086378738,691.366,700.0,100,24,1390.2259136212624,3201,1741.5625,143771.0,0,2026-02-23 19:50:23+00:00,552.4251831229236,0.7990343510136796
2026-02-23T19:50:24+00:00,0,,,69.72757475083057,692.996,700.0,100,24,1375.4152823920265,3201,1741.5625,143771.0,0,2026-02-23 19:50:24+00:00,550.6914810631229,0.7946531885654793
2026-02-23T19:50:25+00:00,0,,,69.77740863787375,693.264,700.0,100,24,1360.6146179401994,3201,1741.5625,143771.0,0,2026-02-23 19:50:25+00:00,550.728688039867,0.7943996631007337
2026-02-23T19:50:26+00:00,0,,,69.82724252491694,690.874,700.0,100,24,1374.4584717607972,3201,1741.5625,143771.0,0,2026-02-23 19:50:26+00:00,550.794885847176,0.797243615836138
2026-02-23T19:50:27+00:00,0,,,69.87707641196013,693.598,700.0,100,24,1359.6677740863788,3201,1741.5625,143771.0,0,2026-02-23 19:50:27+00:00,549.3949384053157,0.7920941790566232
2026-02-23T19:50:28+00:00,0,,,69.92691029900332,690.504,700.0,100,24,1373.5016611295682,3201,1741.5625,143771.0,0,2026-02-23 19:50:28+00:00,549.6240322923588,0.7959751605962584
2026-02-23T19:50:29+00:00,0,,,70.97674418604652,689.45,700.0,100,24,1401.6279069767443,3201,1741.5625,143771.0,0,2026-02-23 19:50:29+00:00,549.2421697674419,0.796638146011229
2026-02-23T19:50:30+00:00,0,,,70.0265780730897,693.823,700.0,100,24,1358.247508305648,3201,1741.5625,143771.0,0,2026-02-23 19:50:30+00:00,549.8431728903654,0.7924833464592056
2026-02-23T19:50:31+00:00,0,,,70.07641196013289,691.989,700.0,100,24,1372.0664451827242,3201,1741.5625,143771.0,0,2026-02-23 19:50:31+00:00,548.575168372093,0.7927512841563854
2026-02-23T19:50:32+00:00,0,,,70.12624584717608,691.567,700.0,100,24,1385.8754152823922,3201,1741.5625,143771.0,0,2026-02-23 19:50:32+00:00,548.3758608637874,0.7929468306957783
2026-02-23T19:50:33+00:00,0,,,71.17607973421927,691.607,700.0,100,24,1371.1096345514952,3201,1741.5625,143771.0,0,2026-02-23 19:50:33+00:00,547.2065538205981,0.7912102593244401
2026-02-23T19:50:34+00:00,0,,,70.22591362126246,692.149,700.0,100,24,1384.908637873754,3201,1741.5625,143771.0,0,2026-02-23 19:50:34+00:00,546.6121940199336,0.7897319710350423
2026-02-23T19:50:35+00:00,0,,,70.27574750830564,693.088,700.0,100,24,1355.8803986710964,3201,1741.5625,143771.0,0,2026-02-23 19:50:35+00:00,545.8502511627906,0.7875626921297016
2026-02-23T19:50:36+00:00,0,,,70.32558139534883,690.9,700.0,100,24,1369.6744186046512,3201,1741.5625,143771.0,0,2026-02-23 19:50:36+00:00,546.1737944186048,0.790525104094087
2026-02-23T19:50:37+00:00,0,,,71.37541528239203,691.359,700.0,100,24,1369.1960132890365,3201,1741.5625,143771.0,0,2026-02-23 19:50:37+00:00,545.2840764119601,0.7887133550181021
2026-02-23T19:50:38+00:00,0,,,71.42524916943522,690.444,700.0,100,23,1382.9750830564783,3201,1741.5625,143771.0,0,2026-02-23 19:50:38+00:00,546.0769674418605,0.790906963405954
2026-02-23T19:50:39+00:00,0,,,70.47508305647841,691.573,700.0,100,24,1368.2392026578073,3201,1741.5625,143771.0,0,2026-02-23 19:50:39+00:00,545.4084777408638,0.7886491776585607
2026-02-23T19:50:40+00:00,0,,,70.52491694352159,692.97,700.0,100,24,1353.5132890365448,3201,1741.5625,143771.0,0,2026-02-23 19:50:40+00:00,544.424686910299,0.7856396191902953
2026-02-23T19:50:41+00:00,0,,,70.57475083056478,694.659,700.0,100,23,1367.282392026578,3201,1741.5625,143771.0,0,2026-02-23 19:50:41+00:00,543.5792122923588,0.7825123007005722
2026-02-23T19:50:42+00:00,0,,,70.62458471760797,691.284,700.0,100,24,1366.8039867109635,3201,1741.5625,143771.0,0,2026-02-23 19:50:42+00:00,543.3263984053157,0.7859669808722836
2026-02-23T19:50:43+00:00,0,,,71.67441860465117,693.006,700.0,100,23,1366.325581395349,3201,1741.5625,143771.0,0,2026-02-23 19:50:43+00:00,543.1520902325582,0.783762464152631
2026-02-23T19:50:44+00:00,0,,,71.72425249169436,690.648,700.0,100,24,1365.8471760797343,3201,1741.5625,143771.0,0,2026-02-23 19:50:44+00:00,543.2863754152824,0.7866328077621051
2026-02-23T19:50:45+00:00,0,,,71.77408637873754,690.57,700.0,100,24,1365.3687707641197,3201,1741.5625,143771.0,0,2026-02-23 19:50:45+00:00,542.8859130232557,0.7861417568432681
2026-02-23T19:50:46+00:00,0,,,70.82392026578073,692.348,700.0,100,24,1364.890365448505,3201,1741.5625,143771.0,0,2026-02-23 19:50:46+00:00,543.4778623255814,0.7849778757584068
2026-02-23T19:50:47+00:00,0,,,70.87375415282392,693.51,700.0,100,24,1364.4119601328903,3201,1741.5625,143771.0,0,2026-02-23 19:50:47+00:00,541.3889250498339,0.780650495378342
2026-02-23T19:50:48+00:00,0,,,71.92358803986711,691.805,700.0,100,24,1378.141196013289,3201,1741.5625,143771.0,0,2026-02-23 19:50:48+00:00,540.9628555481728,0.7819585801608442
2026-02-23T19:50:49+00:00,0,,,71.9734219269103,692.84,700.0,100,24,1377.6578073089702,3201,1741.5625,143771.0,0,2026-02-23 19:50:49+00:00,540.9641833887042,0.7807923667639054
2026-02-23T19:50:50+00:00,0,,,71.02325581395348,691.067,700.0,100,23,1377.1744186046512,3201,1741.5625,143771.0,0,2026-02-23 19:50:50+00:00,540.1407404651163,0.7816040130191665
2026-02-23T19:50:51+00:00,0,,,72.07308970099668,694.209,700.0,100,24,1348.3056478405315,3201,1741.5625,143771.0,0,2026-02-23 19:50:51+00:00,540.8422516943522,0.7790769806994036
2026-02-23T19:50:52+00:00,0,,,72.12292358803987,691.858,700.0,100,24,1362.0199335548173,3201,1741.5625,143771.0,0,2026-02-23 19:50:52+00:00,540.0718940863787,0.7806108971586349
2026-02-23T19:50:53+00:00,0,,,72.17275747508306,693.196,700.0,100,23,1361.5415282392028,3201,1741.5625,143771.0,0,2026-02-23 19:50:53+00:00,539.0481408637874,0.7776273101168895
2026-02-23T19:50:54+00:00,0,,,71.22259136212625,692.327,700.0,100,23,1361.063122923588,3201,1741.5625,143771.0,0,2026-02-23 19:50:54+00:00,538.5810803986711,0.7779287538961663
2026-02-23T19:50:55+00:00,0,,,71.27242524916943,693.889,700.0,100,23,1360.5847176079735,3201,1741.5625,143771.0,0,2026-02-23 19:50:55+00:00,539.3669940199336,0.7773101951752133
2026-02-23T19:50:56+00:00,0,,,72.32225913621262,692.99,700.0,100,23,1360.1063122923588,3201,1741.5625,143771.0,0,2026-02-23 19:50:56+00:00,537.6100891694352,0.7757833290082616
2026-02-23T19:50:57+00:00,0,,,72.37209302325581,692.387,700.0,100,24,1359.6279069767443,3201,1741.5625,143771.0,0,2026-02-23 19:50:57+00:00,537.7544590697674,0.7766674693051249
2026-02-23T19:50:58+00:00,0,,,72.421926910299,693.015,700.0,100,23,1359.1495016611298,3201,1741.5625,143771.0,0,2026-02-23 19:50:58+00:00,537.1363588039867,0.7750717643975769
2026-02-23T19:50:59+00:00,0,,,71.4717607973422,691.457,700.0,100,24,1372.8239202657808,3201,1741.5625,143771.0,0,2026-02-23 19:50:59+00:00,536.4993328903654,0.7758968856926249
2026-02-23T19:51:00+00:00,0,,,72.52159468438538,692.195,700.0,100,24,1358.1926910299003,3201,1741.5625,143771.0,0,2026-02-23 19:51:00+00:00,536.2640999335548,0.774729808700662
2026-02-23T19:51:01+00:00,0,,,72.57142857142857,693.642,700.0,100,24,1357.7142857142858,3201,1741.5625,143771.0,0,2026-02-23 19:51:01+00:00,535.74572,0.7723663215318565
2026-02-23T19:51:02+00:00,0,,,72.62126245847176,691.67,700.0,100,24,1357.235880398671,3201,1741.5625,143771.0,0,2026-02-23 19:51:02+00:00,535.471965448505,0.7741726046358886
2026-02-23T19:51:03+00:00,0,,,72.67109634551495,691.913,700.0,100,24,1370.890365448505,3201,1741.5625,143771.0,0,2026-02-23 19:51:03+00:00,535.2206587375415,0.7735375093943047
2026-02-23T19:51:04+00:00,0,,,72.72093023255815,693.243,700.0,100,24,1370.406976744186,3201,1741.5625,143771.0,0,2026-02-23 19:51:04+00:00,535.3776697674418,0.7722799505619845
2026-02-23T19:51:05+00:00,0,,,72.77076411960132,691.631,700.0,100,24,1355.8006644518273,3201,1741.5625,143771.0,0,2026-02-23 19:51:05+00:00,534.6332990033222,0.7730036666999054
2026-02-23T19:51:06+00:00,0,,,72.82059800664452,693.531,700.0,100,24,1369.4401993355482,3201,1741.5625,143771.0,0,2026-02-23 19:51:06+00:00,533.885648372093,0.7698079081859254
2026-02-23T19:51:07+00:00,0,,,72.87043189368771,692.522,700.0,100,23,1354.843853820598,3201,1741.5625,143771.0,0,2026-02-23 19:51:07+00:00,533.3108074418606,0.7700994444102289
2026-02-23T19:51:08+00:00,0,,,72.9202657807309,692.408,700.0,100,24,1354.3654485049835,3201,1741.5625,143771.0,0,2026-02-23 19:51:08+00:00,533.7484803986712,0.7708583384343786
2026-02-23T19:51:09+00:00,0,,,72.9700996677741,692.721,700.0,100,24,1353.8870431893688,3201,1741.5625,143771.0,0,2026-02-23 19:51:09+00:00,532.3794534883722,0.7685337292912618
2026-02-23T19:51:10+00:00,0,,,73.01993355481727,691.869,700.0,100,24,1367.5066445182724,3201,1741.5625,143771.0,0,2026-02-23 19:51:10+00:00,532.7659875083057,0.7700388187768287
2026-02-23T19:51:11+00:00,0,,,72.06976744186046,692.77,700.0,100,24,1367.0232558139535,3201,1741.5625,143771.0,0,2026-02-23 19:51:11+00:00,532.0066060465116,0.7679411724620171
2026-02-23T19:51:12+00:00,0,,,72.11960132890366,693.61,700.0,100,24,1366.5398671096345,3201,1741.5625,143771.0,0,2026-02-23 19:51:12+00:00,531.4939812624585,0.7662720855559443
2026-02-23T19:51:13+00:00,0,,,72.16943521594685,691.53,700.0,100,24,1366.0564784053156,3201,1741.5625,143771.0,0,2026-02-23 19:51:13+00:00,531.7432271760798,0.7689373232919466
2026-02-23T19:51:14+00:00,0,,,73.21926910299004,690.56,700.0,100,23,1351.4950166112956,3201,1741.5625,143771.0,0,2026-02-23 19:51:14+00:00,531.2129940199336,0.7692495858722395
2026-02-23T19:51:15+00:00,0,,,73.26910299003322,692.195,700.0,100,24,1351.016611295681,3201,1741.5625,143771.0,0,2026-02-23 19:51:15+00:00,531.5548089700997,0.7679263920861891
2026-02-23T19:51:16+00:00,0,,,73.31893687707641,692.158,700.0,100,23,1336.470099667774,3201,1741.5625,143771.0,0,2026-02-23 19:51:16+00:00,531.0390143521595,0.767222244562888
2026-02-23T19:51:17+00:00,0,,,73.3687707641196,692.11,700.0,100,24,1350.0598006644518,3201,1741.5625,143771.0,0,2026-02-23 19:51:17+00:00,529.4336499667774,0.7649559318125404
2026-02-23T19:51:18+00:00,0,,,72.4186046511628,693.277,700.0,100,24,1363.639534883721,3201,1741.5625,143771.0,0,2026-02-23 19:51:18+00:00,529.0951330232558,0.763179988696085
2026-02-23T19:51:19+00:00,0,,,73.46843853820599,690.281,700.0,100,24,1363.156146179402,3201,1741.5625,143771.0,0,2026-02-23 19:51:19+00:00,528.9855305647841,0.7663336098846472
2026-02-23T19:51:20+00:00,0,,,73.51827242524917,692.585,700.0,100,24,1348.624584717608,3201,1741.5625,143771.0,0,2026-02-23 19:51:20+00:00,528.0646449169436,0.762454637217011
2026-02-23T19:51:21+00:00,0,,,72.56810631229236,691.337,700.0,100,23,1362.189368770764,3201,1741.5625,143771.0,0,2026-02-23 19:51:21+00:00,528.0452404651163,0.7638029506089162
2026-02-23T19:51:22+00:00,0,,,73.61794019933555,693.404,700.0,100,24,1347.6677740863788,3201,1741.5625,143771.0,0,2026-02-23 19:51:22+00:00,527.2200951495017,0.7603361029782085
2026-02-23T19:51:23+00:00,0,,,73.66777408637874,691.632,700.0,100,24,1361.2225913621262,3201,1741.5625,143771.0,0,2026-02-23 19:51:23+00:00,527.493176013289,0.762678962241899
2026-02-23T19:51:24+00:00,0,,,73.71760797342193,692.397,700.0,100,24,1346.7109634551496,3201,1741.5625,143771.0,0,2026-02-23 19:51:24+00:00,526.2871468438539,0.7600944932514927
2026-02-23T19:51:25+00:00,0,,,73.76744186046511,693.425,700.0,100,24,1346.2325581395348,3201,1741.5625,143771.0,0,2026-02-23 19:51:25+00:00,527.0137502325582,0.760015503093425
2026-02-23T19:51:26+00:00,0,,,73.8172757475083,692.309,700.0,100,24,1345.7541528239203,3201,1741.5625,143771.0,0,2026-02-23 19:51:26+00:00,525.4554960797342,0.758989838467699
2026-02-23T19:51:27+00:00,0,,,73.8671096345515,692.14,700.0,100,24,1345.2757475083056,3201,1741.5625,143771.0,0,2026-02-23 19:51:27+00:00,525.3678859136213,0.7590485825318886
2026-02-23T19:51:28+00:00,0,,,73.91694352159469,691.365,700.0,100,24,1344.797342192691,3201,1741.5625,143771.0,0,2026-02-23 19:51:28+00:00,524.8091144186046,0.759091238952803
2026-02-23T19:51:29+00:00,0,,,73.96677740863788,690.856,700.0,100,24,1358.3222591362126,3201,1741.5625,143771.0,0,2026-02-23 19:51:29+00:00,524.769634883721,0.7595933666114516
2026-02-23T19:51:30+00:00,0,,,74.01661129568106,693.349,700.0,100,24,1343.8405315614618,3201,1741.5625,143771.0,0,2026-02-23 19:51:30+00:00,525.7801647840531,0.7583196410235726
2026-02-23T19:51:31+00:00,0,,,74.06644518272425,691.878,700.0,100,24,1357.355481727575,3201,1741.5625,143771.0,0,2026-02-23 19:51:31+00:00,524.7229483720931,0.7584038636466156
2026-02-23T19:51:32+00:00,0,,,74.11627906976744,690.7,700.0,100,24,1342.8837209302326,3201,1741.5625,143771.0,0,2026-02-23 19:51:32+00:00,523.2299386046512,0.7575357443240932
2026-02-23T19:51:33+00:00,0,,,74.16611295681064,690.7,700.0,100,24,1370.372093023256,3201,1741.5625,143771.0,0,2026-02-23 19:51:33+00:00,522.6973671760798,0.7567646839091932
2026-02-23T19:51:34+00:00,0,,,74.21594684385383,691.137,700.0,100,24,1341.9269102990033,3201,1741.5625,143771.0,0,2026-02-23 19:51:34+00:00,523.943707641196,0.758089507060389
2026-02-23T19:51:35+00:00,0,,,74.265780730897,692.835,700.0,100,24,1341.4485049833888,3201,1741.5625,143771.0,0,2026-02-23 19:51:35+00:00,522.7571310299003,0.7545189417825315
2026-02-23T19:51:36+00:00,0,,,74.3156146179402,693.551,700.0,100,24,1340.970099667774,3201,1741.5625,143771.0,0,2026-02-23 19:51:36+00:00,521.7496859800665,0.752287410702409
2026-02-23T19:51:37+00:00,0,,,74.36544850498339,693.444,700.0,100,24,1354.4551495016613,3201,1741.5625,143771.0,0,2026-02-23 19:51:37+00:00,521.2547340863788,0.7516897313789993
2026-02-23T19:51:38+00:00,0,,,74.41528239202658,690.04,700.0,100,24,1340.0132890365448,3201,1741.5625,143771.0,0,2026-02-23 19:51:38+00:00,521.5591399335549,0.7558389947445872
2026-02-23T19:51:39+00:00,0,,,74.46511627906978,691.837,700.0,100,24,1367.4418604651162,3201,1741.5625,143771.0,0,2026-02-23 19:51:39+00:00,521.2387046511628,0.7534125880101279
2026-02-23T19:51:40+00:00,0,,,74.51495016611295,692.231,700.0,100,24,1339.0564784053156,3201,1741.5625,143771.0,0,2026-02-23 19:51:40+00:00,520.3436239202658,0.7516907274020751
2026-02-23T19:51:41+00:00,0,,,74.56478405315615,693.716,700.0,100,23,1338.578073089701,3201,1741.5625,143771.0,0,2026-02-23 19:51:41+00:00,519.5357336212625,0.748917040433351
2026-02-23T19:51:42+00:00,0,,,74.61461794019934,691.585,700.0,100,24,1352.0382059800666,3201,1741.5625,143771.0,0,2026-02-23 19:51:42+00:00,519.0347736877077,0.7505003342867582
2026-02-23T19:51:43+00:00,0,,,74.66445182724253,692.738,700.0,100,24,1337.6212624584718,3201,1741.5625,143771.0,0,2026-02-23 19:51:43+00:00,518.7660899003322,0.7488633363556383
2026-02-23T19:51:44+00:00,0,,,74.71428571428571,690.697,700.0,100,23,1351.0714285714287,3201,1741.5625,143771.0,0,2026-02-23 19:51:44+00:00,518.4595714285715,0.750632435682465
2026-02-23T19:51:45+00:00,0,,,74.7641196013289,692.66,700.0,100,24,1350.5880398671097,3201,1741.5625,143771.0,0,2026-02-23 19:51:45+00:00,519.0794435215947,0.749400057057712
2026-02-23T19:51:46+00:00,0,,,74.81395348837209,693.402,700.0,100,24,1336.1860465116279,3201,1741.5625,143771.0,0,2026-02-23 19:51:46+00:00,517.2518139534884,0.7459623911576378
2026-02-23T19:51:47+00:00,0,,,74.86378737541528,693.349,700.0,100,24,1321.7940199335549,3201,1741.5625,143771.0,0,2026-02-23 19:51:47+00:00,517.0770920930232,0.7457674159665958
2026-02-23T19:51:48+00:00,0,,,74.91362126245848,691.098,700.0,100,24,1335.2292358803988,3201,1741.5625,143771.0,0,2026-02-23 19:51:48+00:00,517.4624744186046,0.7487541194137513
2026-02-23T19:51:49+00:00,0,,,74.96345514950166,691.945,700.0,100,24,1348.6544850498337,3201,1741.5625,143771.0,0,2026-02-23 19:51:49+00:00,516.3740481727575,0.7462645848626083
2026-02-23T19:51:50+00:00,0,,,75.01328903654485,691.457,700.0,100,24,1348.171096345515,3201,1741.5625,143771.0,0,2026-02-23 19:51:50+00:00,517.1265209302326,0.7478795079523854
2026-02-23T19:51:51+00:00,0,,,75.06312292358804,691.203,700.0,100,24,1347.687707641196,3201,1741.5625,143771.0,0,2026-02-23 19:51:51+00:00,516.0643720930233,0.7466176681713235
2026-02-23T19:51:52+00:00,0,,,75.11295681063123,691.908,700.0,100,24,1347.2043189368771,3201,1741.5625,143771.0,0,2026-02-23 19:51:52+00:00,515.2081156146179,0.7446193939289875
2026-02-23T19:51:53+00:00,0,,,75.16279069767442,692.615,700.0,100,24,1374.4883720930231,3201,1741.5625,143771.0,0,2026-02-23 19:51:53+00:00,515.8345269767442,0.7447637244020765
2026-02-23T19:51:54+00:00,0,,,75.2126245847176,693.152,700.0,100,24,1332.3588039867109,3201,1741.5625,143771.0,0,2026-02-23 19:51:54+00:00,514.8290126245847,0.7427360991883233
2026-02-23T19:51:55+00:00,0,,,75.2624584717608,692.303,700.0,100,24,1331.8803986710964,3201,1741.5625,143771.0,0,2026-02-23 19:51:55+00:00,513.9638979401993,0.74239732882885
2026-02-23T19:51:56+00:00,0,,,75.31229235880399,690.567,700.0,100,24,1345.2707641196014,3201,1741.5625,143771.0,0,2026-02-23 19:51:56+00:00,513.8283492358804,0.7440673377614053
2026-02-23T19:51:57+00:00,0,,,75.36212624584718,692.932,700.0,100,24,1344.7873754152824,3201,1741.5625,143771.0,0,2026-02-23 19:51:57+00:00,514.1928320265781,0.7420538119564086
2026-02-23T19:51:58+00:00,0,,,75.41196013289037,690.469,700.0,100,24,1344.3039867109635,3201,1741.5625,143771.0,0,2026-02-23 19:51:58+00:00,513.8658025249171,0.7442271883674966
2026-02-23T19:51:59+00:00,0,,,75.46179401993355,692.727,700.0,100,24,1343.8205980066446,3201,1741.5625,143771.0,0,2026-02-23 19:51:59+00:00,513.1606445182725,0.740783374284924
2026-02-23T19:52:00+00:00,0,,,75.51162790697674,693.717,700.0,100,24,1343.3372093023256,3201,1741.5625,143771.0,0,2026-02-23 19:52:00+00:00,512.1180334883721,0.7382232718649999
2026-02-23T19:52:01+00:00,0,,,75.56146179401993,692.97,700.0,100,24,1329.0099667774086,3201,1741.5625,143771.0,0,2026-02-23 19:52:01+00:00,511.3854153488372,0.7379618386782072
2026-02-23T19:52:02+00:00,0,,,75.61129568106313,690.44,700.0,100,24,1314.6926910299003,3201,1741.5625,143771.0,0,2026-02-23 19:52:02+00:00,511.41744637873757,0.7407123665760059
2026-02-23T19:52:03+00:00,0,,,75.66112956810632,690.3,700.0,100,23,1355.7209302325582,3201,1741.5625,143771.0,0,2026-02-23 19:52:03+00:00,510.9257852491695,0.7401503480358823
2026-02-23T19:52:04+00:00,0,,,75.7109634551495,692.27,700.0,100,24,1341.4036544850499,3201,1741.5625,143771.0,0,2026-02-23 19:52:04+00:00,511.22377475083056,0.7384745471432108
2026-02-23T19:52:05+00:00,0,,,75.76079734219269,692.642,700.0,100,23,1327.0963455149501,3201,1741.5625,143771.0,0,2026-02-23 19:52:05+00:00,510.82123634551493,0.7374967679486876
2026-02-23T19:52:06+00:00,0,,,75.81063122923588,692.029,700.0,100,24,1340.436877076412,3201,1741.5625,143771.0,0,2026-02-23 19:52:06+00:00,509.7827601328904,0.7366494180632465
2026-02-23T19:52:07+00:00,0,,,75.86046511627907,692.035,700.0,100,24,1339.953488372093,3201,1741.5625,143771.0,0,2026-02-23 19:52:07+00:00,509.43333953488377,0.736138113729629
2026-02-23T19:52:08+00:00,0,,,75.91029900332227,692.21,700.0,100,24,1339.470099667774,3201,1741.5625,143771.0,0,2026-02-23 19:52:08+00:00,508.7683032558139,0.7349912645812887
2026-02-23T19:52:09+00:00,0,,,75.96013289036544,691.217,700.0,100,24,1325.1827242524917,3201,1741.5625,143771.0,0,2026-02-23 19:52:09+00:00,508.54781926910306,0.735728171137433
2026-02-23T19:52:10+00:00,0,,,76.00996677740864,690.202,700.0,100,24,1338.5033222591362,3201,1741.5625,143771.0,0,2026-02-23 19:52:10+00:00,507.6393653156146,0.7354939065891067
2026-02-23T19:52:11+00:00,0,,,76.05980066445183,692.463,700.0,100,24,1324.2259136212626,3201,1741.5625,143771.0,0,2026-02-23 19:52:11+00:00,507.7689671760798,0.7332795646497788
2026-02-23T19:52:12+00:00,0,,,76.10963455149502,693.877,700.0,100,24,1337.5365448504983,3201,1741.5625,143771.0,0,2026-02-23 19:52:12+00:00,507.2606065116279,0.7310526311026708
2026-02-23T19:52:13+00:00,0,,,76.1594684385382,694.359,700.0,100,24,1323.2691029900334,3201,1741.5625,143771.0,0,2026-02-23 19:52:13+00:00,507.03620219269106,0.7302219776696076
2026-02-23T19:52:14+00:00,0,,,76.20930232558139,691.364,700.0,100,24,1322.7906976744187,3201,1741.5625,143771.0,0,2026-02-23 19:52:14+00:00,506.6655906976744,0.7328492526334527
2026-02-23T19:52:15+00:00,0,,,76.25913621262458,692.273,700.0,100,24,1322.312292358804,3201,1741.5625,143771.0,0,2026-02-23 19:52:15+00:00,506.06948039867115,0.7310258819839444
2026-02-23T19:52:16+00:00,0,,,76.30897009966777,692.638,700.0,100,24,1321.8338870431894,3201,1741.5625,143771.0,0,2026-02-23 19:52:16+00:00,505.73146378737545,0.7301526393114086
2026-02-23T19:52:17+00:00,0,,,76.35880398671097,691.996,700.0,100,24,1321.3554817275747,3201,1741.5625,143771.0,0,2026-02-23 19:52:17+00:00,505.44362551495016,0.7304140855076476
2026-02-23T19:52:18+00:00,0,,,76.40863787375415,693.16,700.0,100,24,1320.8770764119602,3201,1741.5625,143771.0,0,2026-02-23 19:52:18+00:00,504.6942655149502,0.7281064480278006
2026-02-23T19:52:19+00:00,0,,,76.45847176079734,692.606,700.0,100,24,1320.3986710963454,3201,1741.5625,143771.0,0,2026-02-23 19:52:19+00:00,504.45346245847173,0.7283411672126313
2026-02-23T19:52:20+00:00,0,,,76.50830564784053,690.886,700.0,100,24,1306.171096345515,3201,1741.5625,143771.0,0,2026-02-23 19:52:20+00:00,503.76821182724257,0.7291625707095564
2026-02-23T19:52:21+00:00,0,,,76.55813953488372,691.162,700.0,100,24,1305.6976744186047,3201,1741.5625,143771.0,0,2026-02-23 19:52:21+00:00,504.5333962790698,0.7299784945918175
2026-02-23T19:52:22+00:00,0,,,76.60797342192691,690.279,700.0,100,24,1305.2242524916944,3201,1741.5625,143771.0,0,2026-02-23 19:52:22+00:00,503.05459827242527,0.7287699586289388
2026-02-23T19:52:23+00:00,0,,,76.65780730897009,691.061,700.0,100,23,1332.2192691029902,3201,1741.5625,143771.0,0,2026-02-23 19:52:23+00:00,504.41625029900337,0.7299156663434969
2026-02-23T19:52:24+00:00,0,,,76.70764119601328,692.144,700.0,100,23,1318.0066445182724,3201,1741.5625,143771.0,0,2026-02-23 19:52:24+00:00,502.90033222591364,0.7265833875984097
2026-02-23T19:52:25+00:00,0,,,76.75747508305648,690.8,700.0,100,24,1303.8039867109635,3201,1741.5625,143771.0,0,2026-02-23 19:52:25+00:00,502.25169754152824,0.7270580450803825
2026-02-23T19:52:26+00:00,0,,,76.80730897009967,691.678,700.0,100,24,1317.0498338870432,3201,1741.5625,143771.0,0,2026-02-23 19:52:26+00:00,501.76648504983393,0.7254336339305775
2026-02-23T19:52:27+00:00,0,,,76.85714285714286,693.219,700.0,100,24,1330.2857142857144,3201,1741.5625,143771.0,0,2026-02-23 19:52:27+00:00,501.6315600000001,0.7236263864666145
2026-02-23T19:52:28+00:00,0,,,76.90697674418604,693.012,700.0,100,24,1316.093023255814,3201,1741.5625,143771.0,0,2026-02-23 19:52:28+00:00,503.3634679069767,0.7263416331996801
2026-02-23T19:52:29+00:00,0,,,76.95681063122923,693.845,700.0,100,24,1315.6146179401994,3201,1741.5625,143771.0,0,2026-02-23 19:52:29+00:00,500.49206810631233,0.7213312311918545
2026-02-23T19:52:30+00:00,0,,,77.00664451827242,692.134,700.0,100,24,1315.1362126245847,3201,1741.5625,143771.0,0,2026-02-23 19:52:30+00:00,500.5236066445183,0.7231599757337716
2026-02-23T19:52:31+00:00,0,,,77.05647840531562,691.519,700.0,100,24,1314.6578073089702,3201,1741.5625,143771.0,0,2026-02-23 19:52:31+00:00,500.2007093687708,0.7233361764011846
2026-02-23T19:52:32+00:00,0,,,77.10631229235881,691.102,700.0,100,23,1314.1794019933554,3201,1741.5625,143771.0,0,2026-02-23 19:52:32+00:00,499.74770750830567,0.7231171484213701
2026-02-23T19:52:33+00:00,0,,,77.15614617940199,691.654,700.0,100,24,1313.700996677741,3201,1741.5625,143771.0,0,2026-02-23 19:52:33+00:00,498.57475973421924,0.7208441789308228
2026-02-23T19:52:34+00:00,0,,,77.20598006644518,692.943,700.0,100,24,1340.5813953488373,3201,1741.5625,143771.0,0,2026-02-23 19:52:34+00:00,498.39752558139537,0.7192475074881994
2026-02-23T19:52:35+00:00,0,,,77.25581395348837,692.272,700.0,100,24,1312.7441860465117,3201,1741.5625,143771.0,0,2026-02-23 19:52:35+00:00,498.49152139534885,0.7200804328289298
2026-02-23T19:52:36+00:00,0,,,77.30564784053156,692.625,700.0,100,23,1312.2657807308972,3201,1741.5625,143771.0,0,2026-02-23 19:52:36+00:00,497.28897076411965,0.7179772182120479
2026-02-23T19:52:37+00:00,0,,,77.35548172757476,693.776,700.0,100,24,1311.7873754152824,3201,1741.5625,143771.0,0,2026-02-23 19:52:37+00:00,496.9370921594684,0.7162788741026909
2026-02-23T19:52:38+00:00,0,,,77.40531561461793,692.538,700.0,100,24,1324.968438538206,3201,1741.5625,143771.0,0,2026-02-23 19:52:38+00:00,496.4841998671096,0.7169053537381481
2026-02-23T19:52:39+00:00,0,,,77.45514950166113,691.998,700.0,100,24,1310.8305647840532,3201,1741.5625,143771.0,0,2026-02-23 19:52:39+00:00,496.6861455149502,0.7177566199829337
2026-02-23T19:52:40+00:00,0,,,77.50498338870432,691.976,700.0,100,24,1337.6511627906975,3201,1741.5625,143771.0,0,2026-02-23 19:52:40+00:00,496.8225028571429,0.7179764946430843
2026-02-23T19:52:41+00:00,0,,,77.55481727574751,691.467,700.0,100,24,1309.873754152824,3201,1741.5625,143771.0,0,2026-02-23 19:52:41+00:00,495.31699136212626,0.7163277370606642
2026-02-23T19:52:42+00:00,0,,,77.6046511627907,691.589,700.0,100,24,1309.3953488372092,3201,1741.5625,143771.0,0,2026-02-23 19:52:42+00:00,496.07720186046515,0.7173005959615684
2026-02-23T19:52:43+00:00,0,,,77.65448504983388,692.843,700.0,100,23,1322.5514950166114,3201,1741.5625,143771.0,0,2026-02-23 19:52:43+00:00,494.8777044518272,0.7142710606181014
2026-02-23T19:52:44+00:00,0,,,77.70431893687707,691.282,700.0,100,24,1308.4385382059802,3201,1741.5625,143771.0,0,2026-02-23 19:52:44+00:00,494.2224179401993,0.7149360433805586
2026-02-23T19:52:45+00:00,0,,,77.75415282392026,692.633,700.0,100,24,1321.5847176079735,3201,1741.5625,143771.0,0,2026-02-23 19:52:45+00:00,494.620890166113,0.7141168413374946
2026-02-23T19:52:46+00:00,0,,,77.80398671096346,690.419,700.0,100,24,1307.481727574751,3201,1741.5625,143771.0,0,2026-02-23 19:52:46+00:00,493.84187269102995,0.7152785086896942
2026-02-23T19:52:47+00:00,0,,,77.85382059800665,692.129,700.0,100,24,1307.0033222591362,3201,1741.5625,143771.0,0,2026-02-23 19:52:47+00:00,492.9307405315615,0.7121948950723948
2026-02-23T19:52:48+00:00,0,,,77.90365448504983,691.425,700.0,100,23,1306.5249169435217,3201,1741.5625,143771.0,0,2026-02-23 19:52:48+00:00,492.6831297009967,0.7125619260237867
2026-02-23T19:52:49+00:00,0,,,77.95348837209302,692.083,700.0,100,24,1319.6511627906978,3201,1741.5625,143771.0,0,2026-02-23 19:52:49+00:00,492.5641162790699,0.7117124915350759
2026-02-23T19:52:50+00:00,0,,,78.00332225913621,692.297,700.0,100,24,1319.1677740863788,3201,1741.5625,143771.0,0,2026-02-23 19:52:50+00:00,492.41780252491697,0.7112811445447791
2026-02-23T19:52:51+00:00,0,,,78.0531561461794,693.292,700.0,100,24,1318.6843853820599,3201,1741.5625,143771.0,0,2026-02-23 19:52:51+00:00,493.20323249169434,0.7113932260745751
2026-02-23T19:52:52+00:00,0,,,78.1029900332226,692.45,700.0,100,24,1304.611295681063,3201,1741.5625,143771.0,0,2026-02-23 19:52:52+00:00,491.36904186046513,0.7096094185290853
2026-02-23T19:52:53+00:00,0,,,78.15282392026577,690.493,700.0,100,24,1317.717607973422,3201,1741.5625,143771.0,0,2026-02-23 19:52:53+00:00,490.3286120930233,0.7101138057779344
2026-02-23T19:52:54+00:00,0,,,78.20265780730897,691.534,700.0,100,24,1290.0747508305649,3201,1741.5625,143771.0,0,2026-02-23 19:52:54+00:00,490.23482923588045,0.708909221001253
2026-02-23T19:52:55+00:00,0,,,78.25249169435216,691.161,700.0,100,24,1316.750830564784,3201,1741.5625,143771.0,0,2026-02-23 19:52:55+00:00,489.90289754152826,0.7088115468632176
2026-02-23T19:52:56+00:00,0,,,78.30232558139535,691.189,700.0,100,24,1343.406976744186,3201,1741.5625,143771.0,0,2026-02-23 19:52:56+00:00,490.18478790697674,0.7091906669622589
2026-02-23T19:52:57+00:00,0,,,78.35215946843854,691.687,700.0,100,24,1302.21926910299,3201,1741.5625,143771.0,0,2026-02-23 19:52:57+00:00,490.3821040531562,0.7089653326622536
2026-02-23T19:52:58+00:00,0,,,78.40199335548172,692.451,700.0,100,24,1315.3006644518273,3201,1741.5625,143771.0,0,2026-02-23 19:52:58+00:00,488.82181953488373,0.7059298340747341
2026-02-23T19:52:59+00:00,0,,,78.45182724252491,693.388,700.0,100,24,1301.2624584717607,3201,1741.5625,143771.0,0,2026-02-23 19:52:59+00:00,487.79666611295687,0.703497415751292
2026-02-23T19:53:00+00:00,0,,,78.5016611295681,692.806,700.0,100,24,1300.7840531561462,3201,1741.5625,143771.0,0,2026-02-23 19:53:00+00:00,488.84851880398674,0.705606647176824
2026-02-23T19:53:01+00:00,0,,,78.5514950166113,692.145,700.0,100,24,1300.3056478405317,3201,1741.5625,143771.0,0,2026-02-23 19:53:01+00:00,487.64139421926916,0.7045364688313419
2026-02-23T19:53:02+00:00,0,,,78.60132890365449,693.191,700.0,100,24,1299.827242524917,3201,1741.5625,143771.0,0,2026-02-23 19:53:02+00:00,486.91202073089704,0.7024211519348881
2026-02-23T19:53:03+00:00,0,,,78.65116279069767,691.744,700.0,100,24,1299.3488372093025,3201,1741.5625,143771.0,0,2026-02-23 19:53:03+00:00,487.3351260465116,0.7045021366958175
2026-02-23T19:53:04+00:00,0,,,78.70099667774086,693.654,700.0,100,24,1312.4003322259136,3201,1741.5625,143771.0,0,2026-02-23 19:53:04+00:00,486.204611960133,0.7009324705979249
2026-02-23T19:53:05+00:00,0,,,78.75083056478405,692.378,700.0,100,24,1311.9169435215947,3201,1741.5625,143771.0,0,2026-02-23 19:53:05+00:00,486.07407189368774,0.7020356971100868
2026-02-23T19:53:06+00:00,0,,,78.80066445182725,693.438,700.0,100,24,1297.9136212624585,3201,1741.5625,143771.0,0,2026-02-23 19:53:06+00:00,486.047910166113,0.7009248269724374
2026-02-23T19:53:07+00:00,0,,,78.85049833887044,691.252,700.0,100,24,1310.9501661129568,3201,1741.5625,143771.0,0,2026-02-23 19:53:07+00:00,485.24391435215944,0.7019783152195719
2026-02-23T19:53:08+00:00,0,,,78.90033222591362,693.201,700.0,100,24,1310.4667774086379,3201,1741.5625,143771.0,0,2026-02-23 19:53:08+00:00,484.59371800664456,0.699066674754717
2026-02-23T19:53:09+00:00,0,,,64.95016611295681,462.901,700.0,0,0,1769.1528239202657,3201,604.6875,143771.0,0,2026-02-23 19:53:09+00:00,484.23481461794023,1.0460872078866543
2026-02-23T19:53:10+00:00,0,,,62.0,132.556,700.0,0,0,1782.0,3201,604.6875,143771.0,0,2026-02-23 19:53:10+00:00,483.83296,3.650026856573825
2026-02-23T19:53:11+00:00,0,,,45.0,116.361,700.0,0,0,375.0,3201,604.6875,143771.0,0,2026-02-23 19:53:11+00:00,,
2026-02-23T19:53:12+00:00,0,,,44.0,80.629,700.0,0,0,345.0,3201,604.6875,143771.0,0,2026-02-23 19:53:12+00:00,,
2026-02-23T19:53:13+00:00,0,,,43.0,80.243,700.0,0,0,345.0,3201,604.6875,143771.0,0,2026-02-23 19:53:13+00:00,,
2026-02-23T19:53:14+00:00,0,,,42.0,80.137,700.0,0,0,345.0,3201,604.6875,143771.0,0,2026-02-23 19:53:14+00:00,,
2026-02-23T19:53:15+00:00,0,,,42.0,79.948,700.0,0,0,345.0,3201,604.6875,143771.0,0,2026-02-23 19:53:15+00:00,,
2026-02-23T19:53:16+00:00,0,,,41.0,79.769,700.0,0,0,345.0,3201,604.6875,143771.0,0,2026-02-23 19:53:16+00:00,,
2026-02-23T19:53:17+00:00,0,,,41.0,79.524,700.0,0,0,345.0,3201,604.6875,143771.0,0,2026-02-23 19:53:17+00:00,,
2026-02-23T19:53:18+00:00,0,,,40.0,79.312,700.0,0,0,345.0,3201,604.6875,143771.0,0,2026-02-23 19:53:18+00:00,,
2026-02-23T19:53:19+00:00,0,,,40.0,79.139,700.0,0,0,345.0,3201,604.6875,143771.0,0,2026-02-23 19:53:19+00:00,,
2026-02-23T19:53:20+00:00,0,,,39.0,78.992,700.0,0,0,345.0,3201,604.6875,143771.0,0,2026-02-23 19:53:20+00:00,,
2026-02-23T19:53:21+00:00,0,,,39.0,78.845,700.0,0,0,345.0,3201,604.6875,143771.0,0,2026-02-23 19:53:21+00:00,,
2026-02-23T19:53:22+00:00,0,,,39.0,78.739,700.0,0,0,345.0,3201,604.6875,143771.0,0,2026-02-23 19:53:22+00:00,,
2026-02-23T19:53:23+00:00,0,,,38.0,78.53,700.0,0,0,345.0,3201,604.6875,143771.0,0,2026-02-23 19:53:23+00:00,,
2026-02-23T19:53:24+00:00,0,,,38.0,78.705,700.0,0,0,345.0,3201,604.6875,143771.0,0,2026-02-23 19:53:24+00:00,,
2026-02-23T19:53:25+00:00,0,,,38.0,78.5,700.0,0,0,345.0,3201,604.6875,143771.0,0,2026-02-23 19:53:25+00:00,,
2026-02-23T19:53:26+00:00,0,,,37.0,78.384,700.0,0,0,345.0,3201,604.6875,143771.0,0,2026-02-23 19:53:26+00:00,,
2026-02-23T19:53:27+00:00,0,,,37.0,78.281,700.0,0,0,345.0,3201,604.6875,143771.0,0,2026-02-23 19:53:27+00:00,,
2026-02-23T19:53:28+00:00,0,,,37.0,78.21,700.0,0,0,345.0,3201,604.6875,143771.0,0,2026-02-23 19:53:28+00:00,,
2026-02-23T19:53:29+00:00,0,,,36.0,78.094,700.0,0,0,345.0,3201,604.6875,143771.0,0,2026-02-23 19:53:29+00:00,,
2026-02-23T19:53:30+00:00,0,,,36.0,77.992,700.0,0,0,345.0,3201,604.6875,143771.0,0,2026-02-23 19:53:30+00:00,,
2026-02-23T19:53:31+00:00,0,,,36.0,77.913,700.0,0,0,345.0,3201,604.6875,143771.0,0,2026-02-23 19:53:31+00:00,,
2026-02-23T19:53:32+00:00,0,,,36.0,77.767,700.0,0,0,345.0,3201,604.6875,143771.0,0,2026-02-23 19:53:32+00:00,,
2026-02-23T19:53:33+00:00,0,,,35.0,77.758,700.0,0,0,345.0,3201,604.6875,143771.0,0,2026-02-23 19:53:33+00:00,,
2026-02-23T19:53:34+00:00,0,,,35.0,77.63,700.0,0,0,345.0,3201,604.6875,143771.0,0,2026-02-23 19:53:34+00:00,,
2026-02-23T19:53:35+00:00,0,,,35.0,77.593,700.0,0,0,345.0,3201,604.6875,143771.0,0,2026-02-23 19:53:35+00:00,,
2026-02-23T19:53:36+00:00,0,,,35.0,77.589,700.0,0,0,345.0,3201,604.6875,143771.0,0,2026-02-23 19:53:36+00:00,,
2026-02-23T19:53:37+00:00,0,,,35.0,77.444,700.0,0,0,345.0,3201,604.6875,143771.0,0,2026-02-23 19:53:37+00:00,,
2026-02-23T19:53:38+00:00,0,,,34.0,77.43,700.0,0,0,345.0,3201,604.6875,143771.0,0,2026-02-23 19:53:38+00:00,,
2026-02-23T19:53:39+00:00,0,,,34.0,77.323,700.0,0,0,345.0,3201,604.6875,143771.0,0,2026-02-23 19:53:39+00:00,,
2026-02-23T19:53:40+00:00,0,,,34.0,77.272,700.0,0,0,345.0,3201,604.6875,143771.0,0,2026-02-23 19:53:40+00:00,,
2026-02-23T19:53:41+00:00,0,,,34.0,77.195,700.0,0,0,345.0,3201,604.6875,143771.0,0,2026-02-23 19:53:41+00:00,,
2026-02-23T19:53:42+00:00,0,,,34.0,77.185,700.0,0,0,345.0,3201,604.6875,143771.0,0,2026-02-23 19:53:42+00:00,,
2026-02-23T19:53:43+00:00,0,,,34.0,77.137,700.0,0,0,345.0,3201,604.6875,143771.0,0,2026-02-23 19:53:43+00:00,,
2026-02-23T19:53:44+00:00,0,,,34.0,77.12,700.0,0,0,345.0,3201,604.6875,143771.0,0,2026-02-23 19:53:44+00:00,,
2026-02-23T19:53:45+00:00,0,,,33.0,77.01,700.0,0,0,345.0,3201,604.6875,143771.0,0,2026-02-23 19:53:45+00:00,,
2026-02-23T19:53:46+00:00,0,,,33.0,77.064,700.0,0,0,345.0,3201,604.6875,143771.0,0,2026-02-23 19:53:46+00:00,,
2026-02-23T19:53:47+00:00,0,,,33.0,76.978,700.0,0,0,345.0,3201,604.6875,143771.0,0,2026-02-23 19:53:47+00:00,,
2026-02-23T19:53:48+00:00,0,,,33.0,77.075,700.0,0,0,345.0,3201,604.6875,143771.0,0,2026-02-23 19:53:48+00:00,,
2026-02-23T19:53:49+00:00,0,,,33.0,77.061,700.0,0,0,345.0,3201,604.6875,143771.0,0,2026-02-23 19:53:49+00:00,,
2026-02-23T19:53:50+00:00,0,,,33.0,76.973,700.0,0,0,345.0,3201,604.6875,143771.0,0,2026-02-23 19:53:50+00:00,,
2026-02-23T19:53:51+00:00,0,,,33.0,76.9,700.0,0,0,345.0,3201,604.6875,143771.0,0,2026-02-23 19:53:51+00:00,,
2026-02-23T19:53:52+00:00,0,,,33.0,76.904,700.0,0,0,345.0,3201,604.6875,143771.0,0,2026-02-23 19:53:52+00:00,,
2026-02-23T19:53:53+00:00,0,,,33.0,76.858,700.0,0,0,345.0,3201,604.6875,143771.0,0,2026-02-23 19:53:53+00:00,,
2026-02-23T19:53:54+00:00,0,,,32.0,76.782,700.0,0,0,345.0,3201,604.6875,143771.0,0,2026-02-23 19:53:54+00:00,,
2026-02-23T19:53:55+00:00,0,,,32.0,76.819,700.0,0,0,345.0,3201,604.6875,143771.0,0,2026-02-23 19:53:55+00:00,,
2026-02-23T19:53:56+00:00,0,,,32.0,76.733,700.0,0,0,345.0,3201,604.6875,143771.0,0,2026-02-23 19:53:56+00:00,,
2026-02-23T19:53:57+00:00,0,,,32.0,76.707,700.0,0,0,345.0,3201,604.6875,143771.0,0,2026-02-23 19:53:57+00:00,,
2026-02-23T19:53:58+00:00,0,,,32.0,76.701,700.0,0,0,345.0,3201,604.6875,143771.0,0,2026-02-23 19:53:58+00:00,,
2026-02-23T19:53:59+00:00,0,,,32.0,76.666,700.0,0,0,345.0,3201,604.6875,143771.0,0,2026-02-23 19:53:59+00:00,,
2026-02-23T19:54:00+00:00,0,,,32.0,76.721,700.0,0,0,345.0,3201,604.6875,143771.0,0,2026-02-23 19:54:00+00:00,,
2026-02-23T19:54:01+00:00,0,,,32.0,76.647,700.0,0,0,345.0,3201,604.6875,143771.0,0,2026-02-23 19:54:01+00:00,,
2026-02-23T19:54:02+00:00,0,,,32.0,76.661,700.0,0,0,345.0,3201,604.6875,143771.0,0,2026-02-23 19:54:02+00:00,,
2026-02-23T19:54:03+00:00,0,,,32.0,76.632,700.0,0,0,345.0,3201,604.6875,143771.0,0,2026-02-23 19:54:03+00:00,,
2026-02-23T19:54:04+00:00,0,,,32.0,76.535,700.0,0,0,345.0,3201,604.6875,143771.0,0,2026-02-23 19:54:04+00:00,,
2026-02-23T19:54:05+00:00,0,,,32.0,76.535,700.0,0,0,345.0,3201,604.6875,143771.0,0,2026-02-23 19:54:05+00:00,,
2026-02-23T19:54:06+00:00,0,,,32.0,76.537,700.0,0,0,345.0,3201,604.6875,143771.0,0,2026-02-23 19:54:06+00:00,,
2026-02-23T19:54:07+00:00,0,,,32.0,76.559,700.0,0,0,345.0,3201,604.6875,143771.0,0,2026-02-23 19:54:07+00:00,,
2026-02-23T19:54:08+00:00,0,,,31.0,76.535,700.0,0,0,345.0,3201,604.6875,143771.0,0,2026-02-23 19:54:08+00:00,,
2026-02-23T19:54:09+00:00,0,,,31.0,76.495,700.0,0,0,345.0,3201,604.6875,143771.0,0,2026-02-23 19:54:09+00:00,,
2026-02-23T19:54:10+00:00,0,,,31.0,76.45,700.0,0,0,345.0,3201,604.6875,143771.0,0,2026-02-23 19:54:10+00:00,,
2026-02-23T19:54:11+00:00,0,,,31.0,76.364,700.0,0,0,345.0,3201,604.6875,143771.0,0,2026-02-23 19:54:11+00:00,,
2026-02-23T19:54:12+00:00,0,,,31.0,76.479,700.0,0,0,345.0,3201,604.6875,143771.0,0,2026-02-23 19:54:12+00:00,,
2026-02-23T19:54:13+00:00,0,,,31.0,76.397,700.0,0,0,345.0,3201,604.6875,143771.0,0,2026-02-23 19:54:13+00:00,,
2026-02-23T19:54:14+00:00,0,,,31.0,76.414,700.0,0,0,345.0,3201,604.6875,143771.0,0,2026-02-23 19:54:14+00:00,,
2026-02-23T19:54:15+00:00,0,,,31.0,76.409,700.0,0,0,345.0,3201,604.6875,143771.0,0,2026-02-23 19:54:15+00:00,,
2026-02-23T19:54:16+00:00,0,,,31.0,76.378,700.0,0,0,345.0,3201,604.6875,143771.0,0,2026-02-23 19:54:16+00:00,,
2026-02-23T19:54:17+00:00,0,,,31.0,76.412,700.0,0,0,345.0,3201,604.6875,143771.0,0,2026-02-23 19:54:17+00:00,,
2026-02-23T19:54:18+00:00,0,,,31.0,76.384,700.0,0,0,345.0,3201,604.6875,143771.0,0,2026-02-23 19:54:18+00:00,,
2026-02-23T19:54:19+00:00,0,,,31.0,76.277,700.0,0,0,345.0,3201,604.6875,143771.0,0,2026-02-23 19:54:19+00:00,,
2026-02-23T19:54:20+00:00,0,,,31.0,76.322,700.0,0,0,345.0,3201,604.6875,143771.0,0,2026-02-23 19:54:20+00:00,,
2026-02-23T19:54:21+00:00,0,,,31.0,76.325,700.0,0,0,345.0,3201,604.6875,143771.0,0,2026-02-23 19:54:21+00:00,,
2026-02-23T19:54:22+00:00,0,,,31.0,76.294,700.0,0,0,345.0,3201,604.6875,143771.0,0,2026-02-23 19:54:22+00:00,,
2026-02-23T19:54:23+00:00,0,,,31.0,76.278,700.0,0,0,345.0,3201,604.6875,143771.0,0,2026-02-23 19:54:23+00:00,,
2026-02-23T19:54:24+00:00,0,,,31.0,76.27,700.0,0,0,345.0,3201,604.6875,143771.0,0,2026-02-23 19:54:24+00:00,,
2026-02-23T19:54:25+00:00,0,,,31.0,76.26,700.0,0,0,345.0,3201,604.6875,143771.0,0,2026-02-23 19:54:25+00:00,,
2026-02-23T19:54:26+00:00,0,,,31.0,76.271,700.0,0,0,345.0,3201,604.6875,143771.0,0,2026-02-23 19:54:26+00:00,,
2026-02-23T19:54:27+00:00,0,,,31.0,76.311,700.0,0,0,345.0,3201,604.6875,143771.0,0,2026-02-23 19:54:27+00:00,,
2026-02-23T19:54:28+00:00,0,,,31.0,76.268,700.0,0,0,345.0,3201,604.6875,143771.0,0,2026-02-23 19:54:28+00:00,,
2026-02-23T19:54:29+00:00,0,,,31.0,76.268,700.0,0,0,345.0,3201,604.6875,143771.0,0,2026-02-23 19:54:29+00:00,,
2026-02-23T19:54:30+00:00,0,,,31.0,76.237,700.0,0,0,345.0,3201,604.6875,143771.0,0,2026-02-23 19:54:30+00:00,,
2026-02-23T19:54:31+00:00,0,,,31.0,76.184,700.0,0,0,345.0,3201,604.6875,143771.0,0,2026-02-23 19:54:31+00:00,,
2026-02-23T19:54:32+00:00,0,,,30.0,76.241,700.0,0,0,345.0,3201,604.6875,143771.0,0,2026-02-23 19:54:32+00:00,,
2026-02-23T19:54:33+00:00,0,,,30.0,76.242,700.0,0,0,345.0,3201,604.6875,143771.0,0,2026-02-23 19:54:33+00:00,,
2026-02-23T19:54:34+00:00,0,,,30.0,76.231,700.0,0,0,345.0,3201,604.6875,143771.0,0,2026-02-23 19:54:34+00:00,,
2026-02-23T19:54:35+00:00,0,,,30.0,76.202,700.0,0,0,345.0,3201,604.6875,143771.0,0,2026-02-23 19:54:35+00:00,,
2026-02-23T19:54:36+00:00,0,,,30.0,76.173,700.0,0,0,345.0,3201,604.6875,143771.0,0,2026-02-23 19:54:36+00:00,,
2026-02-23T19:54:37+00:00,0,,,30.0,76.164,700.0,0,0,345.0,3201,604.6875,143771.0,0,2026-02-23 19:54:37+00:00,,
2026-02-23T19:54:38+00:00,0,,,30.0,76.226,700.0,0,0,345.0,3201,604.6875,143771.0,0,2026-02-23 19:54:38+00:00,,
2026-02-23T19:54:39+00:00,0,,,30.0,76.146,700.0,0,0,345.0,3201,604.6875,143771.0,0,2026-02-23 19:54:39+00:00,,
2026-02-23T19:54:40+00:00,0,,,30.0,76.153,700.0,0,0,345.0,3201,604.6875,143771.0,0,2026-02-23 19:54:40+00:00,,
2026-02-23T19:54:41+00:00,0,,,30.0,76.157,700.0,0,0,345.0,3201,604.6875,143771.0,0,2026-02-23 19:54:41+00:00,,
2026-02-23T19:54:42+00:00,0,,,30.0,76.112,700.0,0,0,345.0,3201,604.6875,143771.0,0,2026-02-23 19:54:42+00:00,,
2026-02-23T19:54:43+00:00,0,,,30.0,76.161,700.0,0,0,345.0,3201,604.6875,143771.0,0,2026-02-23 19:54:43+00:00,,
2026-02-23T19:54:44+00:00,0,,,30.0,76.208,700.0,0,0,345.0,3201,604.6875,143771.0,0,2026-02-23 19:54:44+00:00,,
2026-02-23T19:54:45+00:00,0,,,30.0,76.157,700.0,0,0,345.0,3201,604.6875,143771.0,0,2026-02-23 19:54:45+00:00,,
2026-02-23T19:54:46+00:00,0,,,30.0,76.131,700.0,0,0,345.0,3201,604.6875,143771.0,0,2026-02-23 19:54:46+00:00,,
2026-02-23T19:54:47+00:00,0,,,30.0,76.075,700.0,0,0,345.0,3201,604.6875,143771.0,0,2026-02-23 19:54:47+00:00,,
2026-02-23T19:54:48+00:00,0,,,30.0,76.022,700.0,0,0,345.0,3201,604.6875,143771.0,0,2026-02-23 19:54:48+00:00,,
2026-02-23T19:54:49+00:00,0,,,30.0,76.073,700.0,0,0,345.0,3201,604.6875,143771.0,0,2026-02-23 19:54:49+00:00,,
2026-02-23T19:54:50+00:00,0,,,30.0,76.145,700.0,0,0,345.0,3201,604.6875,143771.0,0,2026-02-23 19:54:50+00:00,,
2026-02-23T19:54:51+00:00,0,,,30.0,76.062,700.0,0,0,345.0,3201,604.6875,143771.0,0,2026-02-23 19:54:51+00:00,,
2026-02-23T19:54:52+00:00,0,,,30.0,76.032,700.0,0,0,345.0,3201,604.6875,143771.0,0,2026-02-23 19:54:52+00:00,,
2026-02-23T19:54:53+00:00,0,,,30.0,76.096,700.0,0,0,345.0,3201,604.6875,143771.0,0,2026-02-23 19:54:53+00:00,,
2026-02-23T19:54:54+00:00,0,,,30.0,76.057,700.0,0,0,345.0,3201,604.6875,143771.0,0,2026-02-23 19:54:54+00:00,,
2026-02-23T19:54:55+00:00,0,,,30.0,76.026,700.0,0,0,345.0,3201,604.6875,143771.0,0,2026-02-23 19:54:55+00:00,,
2026-02-23T19:54:56+00:00,0,,,30.0,76.102,700.0,0,0,345.0,3201,604.6875,143771.0,0,2026-02-23 19:54:56+00:00,,
2026-02-23T19:54:57+00:00,0,,,30.0,76.09,700.0,0,0,345.0,3201,604.6875,143771.0,0,2026-02-23 19:54:57+00:00,,
2026-02-23T19:54:58+00:00,0,,,30.0,76.015,700.0,0,0,345.0,3201,604.6875,143771.0,0,2026-02-23 19:54:58+00:00,,
2026-02-23T19:54:59+00:00,0,,,30.0,76.031,700.0,0,0,345.0,3201,604.6875,143771.0,0,2026-02-23 19:54:59+00:00,,
2026-02-23T19:55:00+00:00,0,,,30.0,76.025,700.0,0,0,345.0,3201,604.6875,143771.0,0,2026-02-23 19:55:00+00:00,,
2026-02-23T19:55:01+00:00,0,,,30.0,76.016,700.0,0,0,345.0,3201,604.6875,143771.0,0,2026-02-23 19:55:01+00:00,,
2026-02-23T19:55:02+00:00,0,,,30.0,75.973,700.0,0,0,345.0,3201,604.6875,143771.0,0,2026-02-23 19:55:02+00:00,,
2026-02-23T19:55:03+00:00,0,,,30.0,76.065,700.0,0,0,345.0,3201,604.6875,143771.0,0,2026-02-23 19:55:03+00:00,,
2026-02-23T19:55:04+00:00,0,,,30.0,76.099,700.0,0,0,345.0,3201,604.6875,143771.0,0,2026-02-23 19:55:04+00:00,,
2026-02-23T19:55:05+00:00,0,,,30.0,76.022,700.0,0,0,345.0,3201,604.6875,143771.0,0,2026-02-23 19:55:05+00:00,,
2026-02-23T19:55:06+00:00,0,,,30.0,76.033,700.0,0,0,345.0,3201,604.6875,143771.0,0,2026-02-23 19:55:06+00:00,,
2026-02-23T19:55:07+00:00,0,,,30.0,76.02,700.0,0,0,345.0,3201,604.6875,143771.0,0,2026-02-23 19:55:07+00:00,,
2026-02-23T19:55:08+00:00,0,,,30.0,76.044,700.0,0,0,345.0,3201,604.6875,143771.0,0,2026-02-23 19:55:08+00:00,,
2026-02-23T19:55:09+00:00,0,,,30.0,75.975,700.0,0,0,345.0,3201,604.6875,143771.0,0,2026-02-23 19:55:09+00:00,,
2026-02-23T19:55:10+00:00,0,,,30.0,75.994,700.0,0,0,345.0,3201,604.6875,143771.0,0,2026-02-23 19:55:10+00:00,,
2026-02-23T19:55:11+00:00,0,,,30.0,75.993,700.0,0,0,345.0,3201,604.6875,143771.0,0,2026-02-23 19:55:11+00:00,,
2026-02-23T19:55:12+00:00,0,,,30.0,75.991,700.0,0,0,345.0,3201,604.6875,143771.0,0,2026-02-23 19:55:12+00:00,,
2026-02-23T19:55:13+00:00,0,,,30.0,76.051,700.0,0,0,345.0,3201,604.6875,143771.0,0,2026-02-23 19:55:13+00:00,,
2026-02-23T19:55:14+00:00,0,,,30.0,76.016,700.0,0,0,345.0,3201,604.6875,143771.0,0,2026-02-23 19:55:14+00:00,,
2026-02-23T19:55:15+00:00,0,,,30.0,75.991,700.0,0,0,345.0,3201,604.6875,143771.0,0,2026-02-23 19:55:15+00:00,,
2026-02-23T19:55:16+00:00,0,,,30.0,75.97,700.0,0,0,345.0,3201,604.6875,143771.0,0,2026-02-23 19:55:16+00:00,,
2026-02-23T19:55:17+00:00,0,,,30.0,75.946,700.0,0,0,345.0,3201,604.6875,143771.0,0,2026-02-23 19:55:17+00:00,,
2026-02-23T19:55:18+00:00,0,,,30.0,75.985,700.0,0,0,345.0,3201,604.6875,143771.0,0,2026-02-23 19:55:18+00:00,,
2026-02-23T19:55:19+00:00,0,,,30.0,75.952,700.0,0,0,345.0,3201,604.6875,143771.0,0,2026-02-23 19:55:19+00:00,,
2026-02-23T19:55:20+00:00,0,,,30.0,76.01,700.0,0,0,345.0,3201,604.6875,143771.0,0,2026-02-23 19:55:20+00:00,,
2026-02-23T19:55:21+00:00,0,,,30.0,75.942,700.0,0,0,345.0,3201,604.6875,143771.0,0,2026-02-23 19:55:21+00:00,,
2026-02-23T19:55:22+00:00,0,,,30.0,75.984,700.0,0,0,345.0,3201,604.6875,143771.0,0,2026-02-23 19:55:22+00:00,,
2026-02-23T19:55:23+00:00,0,,,30.0,75.967,700.0,0,0,345.0,3201,604.6875,143771.0,0,2026-02-23 19:55:23+00:00,,
2026-02-23T19:55:24+00:00,0,,,30.0,75.956,700.0,0,0,345.0,3201,604.6875,143771.0,0,2026-02-23 19:55:24+00:00,,
2026-02-23T19:55:25+00:00,0,,,30.0,75.917,700.0,0,0,345.0,3201,604.6875,143771.0,0,2026-02-23 19:55:25+00:00,,
2026-02-23T19:55:26+00:00,0,,,30.0,75.971,700.0,0,0,345.0,3201,604.6875,143771.0,0,2026-02-23 19:55:26+00:00,,
2026-02-23T19:55:27+00:00,0,,,30.0,75.902,700.0,0,0,345.0,3201,604.6875,143771.0,0,2026-02-23 19:55:27+00:00,,
2026-02-23T19:55:28+00:00,0,,,30.0,75.945,700.0,0,0,345.0,3201,604.6875,143771.0,0,2026-02-23 19:55:28+00:00,,
2026-02-23T19:55:29+00:00,0,,,30.0,75.946,700.0,0,0,345.0,3201,604.6875,143771.0,0,2026-02-23 19:55:29+00:00,,
2026-02-23T19:55:30+00:00,0,,,30.0,75.901,700.0,0,0,345.0,3201,604.6875,143771.0,0,2026-02-23 19:55:30+00:00,,
2026-02-23T19:55:31+00:00,0,,,30.0,75.874,700.0,0,0,345.0,3201,604.6875,143771.0,0,2026-02-23 19:55:31+00:00,,
2026-02-23T19:55:32+00:00,0,,,30.0,75.918,700.0,0,0,345.0,3201,604.6875,143771.0,0,2026-02-23 19:55:32+00:00,,
2026-02-23T19:55:33+00:00,0,,,30.0,76.01,700.0,0,0,345.0,3201,604.6875,143771.0,0,2026-02-23 19:55:33+00:00,,
2026-02-23T19:55:34+00:00,0,,,30.0,75.925,700.0,0,0,345.0,3201,604.6875,143771.0,0,2026-02-23 19:55:34+00:00,,
2026-02-23T19:55:35+00:00,0,,,30.0,75.906,700.0,0,0,345.0,3201,604.6875,143771.0,0,2026-02-23 19:55:35+00:00,,
2026-02-23T19:55:36+00:00,0,,,30.0,75.917,700.0,0,0,345.0,3201,604.6875,143771.0,0,2026-02-23 19:55:36+00:00,,
2026-02-23T19:55:37+00:00,0,,,30.0,75.967,700.0,0,0,345.0,3201,604.6875,143771.0,0,2026-02-23 19:55:37+00:00,,
2026-02-23T19:55:38+00:00,0,,,30.0,75.959,700.0,0,0,345.0,3201,604.6875,143771.0,0,2026-02-23 19:55:38+00:00,,
2026-02-23T19:55:39+00:00,0,,,30.0,75.823,700.0,0,0,345.0,3201,604.6875,143771.0,0,2026-02-23 19:55:39+00:00,,
2026-02-23T19:55:40+00:00,0,,,30.0,75.919,700.0,0,0,345.0,3201,604.6875,143771.0,0,2026-02-23 19:55:40+00:00,,
2026-02-23T19:55:41+00:00,0,,,30.0,75.898,700.0,0,0,345.0,3201,604.6875,143771.0,0,2026-02-23 19:55:41+00:00,,
2026-02-23T19:55:42+00:00,0,,,30.0,75.899,700.0,0,0,345.0,3201,604.6875,143771.0,0,2026-02-23 19:55:42+00:00,,
2026-02-23T19:55:43+00:00,0,,,30.0,75.941,700.0,0,0,345.0,3201,604.6875,143771.0,0,2026-02-23 19:55:43+00:00,,
2026-02-23T19:55:44+00:00,0,,,30.0,75.869,700.0,0,0,345.0,3201,604.6875,143771.0,0,2026-02-23 19:55:44+00:00,,
2026-02-23T19:55:45+00:00,0,,,30.0,75.848,700.0,0,0,345.0,3201,604.6875,143771.0,0,2026-02-23 19:55:45+00:00,,
2026-02-23T19:55:46+00:00,0,,,30.0,75.86,700.0,0,0,345.0,3201,604.6875,143771.0,0,2026-02-23 19:55:46+00:00,,
2026-02-23T19:55:47+00:00,0,,,30.0,75.842,700.0,0,0,345.0,3201,604.6875,143771.0,0,2026-02-23 19:55:47+00:00,,
2026-02-23T19:55:48+00:00,0,,,30.0,75.916,700.0,0,0,345.0,3201,604.6875,143771.0,0,2026-02-23 19:55:48+00:00,,
2026-02-23T19:55:49+00:00,0,,,30.0,75.87,700.0,0,0,345.0,3201,604.6875,143771.0,0,2026-02-23 19:55:49+00:00,,
2026-02-23T19:55:50+00:00,0,,,30.0,75.902,700.0,0,0,345.0,3201,604.6875,143771.0,0,2026-02-23 19:55:50+00:00,,
2026-02-23T19:55:51+00:00,0,,,30.0,75.849,700.0,0,0,345.0,3201,604.6875,143771.0,0,2026-02-23 19:55:51+00:00,,
2026-02-23T19:55:52+00:00,0,,,30.0,75.861,700.0,0,0,345.0,3201,604.6875,143771.0,0,2026-02-23 19:55:52+00:00,,
2026-02-23T19:55:53+00:00,0,,,30.0,75.867,700.0,0,0,345.0,3201,604.6875,143771.0,0,2026-02-23 19:55:53+00:00,,
2026-02-23T19:55:54+00:00,0,,,30.0,75.873,700.0,0,0,345.0,3201,604.6875,143771.0,0,2026-02-23 19:55:54+00:00,,
2026-02-23T19:55:55+00:00,0,,,30.0,75.892,700.0,0,0,345.0,3201,604.6875,143771.0,0,2026-02-23 19:55:55+00:00,,
2026-02-23T19:55:56+00:00,0,,,30.0,75.916,700.0,0,0,345.0,3201,604.6875,143771.0,0,2026-02-23 19:55:56+00:00,,
2026-02-23T19:55:57+00:00,0,,,29.0,75.835,700.0,0,0,345.0,3201,604.6875,143771.0,0,2026-02-23 19:55:57+00:00,,
2026-02-23T19:55:58+00:00,0,,,30.0,75.836,700.0,0,0,345.0,3201,604.6875,143771.0,0,2026-02-23 19:55:58+00:00,,
2026-02-23T19:55:59+00:00,0,,,29.0,75.819,700.0,0,0,345.0,3201,604.6875,143771.0,0,2026-02-23 19:55:59+00:00,,
2026-02-23T19:56:00+00:00,0,,,29.0,75.84,700.0,0,0,345.0,3201,604.6875,143771.0,0,2026-02-23 19:56:00+00:00,,
2026-02-23T19:56:01+00:00,0,,,29.0,75.834,700.0,0,0,345.0,3201,604.6875,143771.0,0,2026-02-23 19:56:01+00:00,,
2026-02-23T19:56:02+00:00,0,,,29.0,75.867,700.0,0,0,345.0,3201,604.6875,143771.0,0,2026-02-23 19:56:02+00:00,,
2026-02-23T19:56:03+00:00,0,,,29.0,75.906,700.0,0,0,345.0,3201,604.6875,143771.0,0,2026-02-23 19:56:03+00:00,,
2026-02-23T19:56:04+00:00,0,,,29.0,75.905,700.0,0,0,345.0,3201,604.6875,143771.0,0,2026-02-23 19:56:04+00:00,,
2026-02-23T19:56:05+00:00,0,,,29.0,75.804,700.0,0,0,345.0,3201,604.6875,143771.0,0,2026-02-23 19:56:05+00:00,,
2026-02-23T19:56:06+00:00,0,,,29.0,75.842,700.0,0,0,345.0,3201,604.6875,143771.0,0,2026-02-23 19:56:06+00:00,,
2026-02-23T19:56:07+00:00,0,,,29.0,75.871,700.0,0,0,345.0,3201,604.6875,143771.0,0,2026-02-23 19:56:07+00:00,,
2026-02-23T19:56:08+00:00,0,,,29.0,75.783,700.0,0,0,345.0,3201,604.6875,143771.0,0,2026-02-23 19:56:08+00:00,,
2026-02-23T19:56:09+00:00,0,,,29.0,75.772,700.0,0,0,345.0,3201,604.6875,143771.0,0,2026-02-23 19:56:09+00:00,,
